transaction_id,date,description,amount,category,is_duplicate,is_anomaly
TXN100000,2024-01-01,TRADER JOE S #543,-19.51,Food,False,False
TXN100001,2024-01-01,PF #0233 MONTHLY,-25.25,Healthcare,False,False
TXN100002,2024-01-02,MAIN ST DINER,-23.19,Food,False,False
TXN100003,2024-01-02,RENT - PROPERTY MGMT CO,-1867.23,Bills,False,False
TXN100004,2024-01-03,Best Buy,-508.46,Shopping,False,False
TXN100005,2024-01-03,PLANET FITNESS,-10.63,Healthcare,False,False
TXN100006,2024-01-04,NETFLIX.COM,-15.39,Entertainment,False,False
TXN100007,2024-01-05,ACME CORP DIRECT DEPOSIT,3219.87,Salary,False,False
TXN100008,2024-01-05,CHIPOTLE 2341,-20.58,Food,False,False
TXN100009,2024-01-05,FIDELITY BROKERAGE,-325.44,Investment,False,False
TXN100010,2024-01-06,SPOTIFY USA,-14.99,Entertainment,False,False
TXN100011,2024-01-06,VENMO*TRANSFER,-146.21,Miscellaneous,False,False
TXN100012,2024-01-07,CITY MEDICAL GRP,-232.93,Healthcare,False,False
TXN100013,2024-01-08,SPOTIFY USA,-11.06,Entertainment,False,False
TXN100014,2024-01-09,WHOLE FOODS MARKET,-137.03,Food,False,False
TXN100015,2024-01-10,Whole Foods,-18.1,Food,False,False
TXN100016,2024-01-10,THE CORNER DINER LLC,-29.34,Food,False,False
TXN100017,2024-01-10,"DoorDash, Inc.",-49.15,Food,False,False
TXN100018,2024-01-11,WFM 102 AUSTIN TX,-34.9,Food,False,False
TXN100019,2024-01-11,CASH WITHDRAWAL ATM,-176.99,Miscellaneous,False,False
TXN100020,2024-01-11,COMCAST XFINITY,-89.23,Utilities,False,False
TXN100021,2024-01-12,NIKE.COM,-67.92,Shopping,False,False
TXN100022,2024-01-12,DD *DOORDASH,-25.12,Food,False,False
TXN100023,2024-01-13,WIRE TRANSFER INTL CVQMCFGB2,-4903.64,Miscellaneous,False,True
TXN100024,2024-01-16,VERIZON WRLS,-74.77,Utilities,False,False
TXN100025,2024-01-17,Target.com,-67.15,Shopping,False,False
TXN100026,2024-01-17,AMAZON MKTPLACE PMTS,-82.44,Shopping,False,False
TXN100027,2024-01-17,TRADER JOES,-67.76,Food,False,False
TXN100028,2024-01-18,ENTERPRISE RAC,-379.34,Travel,False,False
TXN100029,2024-01-19,STATE FARM INS,-142.47,Bills,False,False
TXN100030,2024-01-19,AMAZON MKTPLACE PMTS,-45.86,Shopping,False,False
TXN100031,2024-01-19,ACME CORP DIRECT DEPOSIT,3194.47,Salary,False,False
TXN100032,2024-01-20,DD *DOORDASH,-43.33,Food,False,False
TXN100033,2024-01-20,AMC 00234 ONLINE,-16.66,Entertainment,False,False
TXN100034,2024-01-22,MARRIOTT 445621,-441.29,Travel,False,False
TXN100035,2024-01-23,Target.com,-19.46,Shopping,False,False
TXN100036,2024-01-23,NETFLIX 1888-638-3549,-22.24,Entertainment,False,False
TXN100037,2024-01-24,CASH WITHDRAWAL ATM,-97.63,Miscellaneous,False,False
TXN100038,2024-01-24,VENMO PAYMENT,-80.39,Miscellaneous,False,False
TXN100039,2024-01-30,Best Buy,-299.68,Shopping,False,False
TXN100040,2024-01-31,CVS.COM,-81.8,Healthcare,False,False
TXN100041,2024-02-01,AMC.COM,-29.56,Entertainment,False,False
TXN100042,2024-02-02,"DoorDash, Inc.",-24.71,Food,False,False
TXN100043,2024-02-02,CVS/PHARMACY #6532,-42.48,Healthcare,False,False
TXN100044,2024-02-02,PLANET FITNESS,-19.23,Healthcare,False,False
TXN100045,2024-02-02,VENMO*TRANSFER,-84.45,Miscellaneous,False,False
TXN100046,2024-02-02,PF #0233 MONTHLY,-24.94,Healthcare,False,False
TXN100047,2024-02-02,RENT - PROPERTY MGMT CO,-1829.53,Bills,False,False
TXN100048,2024-02-02,ACME CORP PAYROLL DIRECT DEP,3225.91,Salary,False,False
TXN100049,2024-02-03,CVS PHARM,-31.53,Healthcare,False,False
TXN100050,2024-02-04,Nike Inc,-145.27,Shopping,False,False
TXN100051,2024-02-04,PF #0233 MONTHLY,-16.63,Healthcare,False,False
TXN100052,2024-02-04,NETFLIX.COM,-15.64,Entertainment,False,False
TXN100053,2024-02-05,FIDELITY INV,-401.14,Investment,False,False
TXN100054,2024-02-05,CASH WITHDRAWAL ATM,-162.87,Miscellaneous,False,False
TXN100055,2024-02-06,ATM WITHDRAWAL #4521,-71.08,Miscellaneous,False,False
TXN100056,2024-02-06,PAYPAL *ETSY,-17.47,Shopping,False,False
TXN100057,2024-02-07,SPOTIFY USA,-10.94,Entertainment,False,False
TXN100058,2024-02-08,WFM 102 AUSTIN TX,-43.08,Food,False,False
TXN100059,2024-02-09,CITY MEDICAL GRP,-185.22,Healthcare,False,False
TXN100060,2024-02-09,NETFLIX 1888-638-3549,-18.6,Entertainment,False,False
TXN100061,2024-02-09,WHOLE FOODS MARKET,-18.05,Food,False,False
TXN100062,2024-02-09,Target.com,-114.69,Shopping,False,False
TXN100063,2024-02-10,WHOLEFDS MKT #102,-126.58,Food,False,False
TXN100064,2024-02-10,NIKE STORE #221,-105.93,Shopping,False,False
TXN100065,2024-02-11,CASH WITHDRAWAL ATM,-59.39,Miscellaneous,False,False
TXN100066,2024-02-12,Main Street Diner,-21.08,Food,False,False
TXN100067,2024-02-13,COMCAST XFINITY,-88.91,Utilities,False,False
TXN100068,2024-02-13,TRADER JOE S #543,-87.98,Food,False,False
TXN100069,2024-02-13,NETFLIX 1888-638-3549,-16.49,Entertainment,False,False
TXN100070,2024-02-14,VERIZON WRLS,-75.61,Utilities,False,False
TXN100071,2024-02-15,"DoorDash, Inc.",-34.84,Food,False,False
TXN100072,2024-02-15,VENMO*TRANSFER,-93.83,Miscellaneous,False,False
TXN100073,2024-02-16,ACME CORP DIRECT DEPOSIT,3260.92,Salary,False,False
TXN100074,2024-02-16,CITY MED GROUP CO-PAY,-211.03,Healthcare,False,False
TXN100075,2024-02-17,TRADER JOES,-86.26,Food,False,False
TXN100076,2024-02-17,CITY MED GROUP CO-PAY,-123.52,Healthcare,False,False
TXN100077,2024-02-17,Uber Trip Help.uber.com,-22.42,Travel,False,False
TXN100078,2024-02-18,CHIPOTLE MEXICAN GRILL,-9.08,Food,False,False
TXN100079,2024-02-18,PAYPAL *ETSY,-60.14,Shopping,False,False
TXN100080,2024-02-19,CHIPOTLE 2341,-11.8,Food,False,False
TXN100081,2024-02-19,STATE FARM INS,-143.93,Bills,False,False
TXN100082,2024-02-21,ATM WITHDRAWAL #4521,-31.56,Miscellaneous,False,False
TXN100083,2024-02-21,WHOLE FOODS MARKET,-62.88,Food,False,False
TXN100084,2024-02-21,Best Buy,-95.51,Shopping,False,False
TXN100085,2024-02-23,VENMO*TRANSFER,-83.68,Miscellaneous,False,False
TXN100086,2024-02-25,Etsy Inc,-11.56,Shopping,False,False
TXN100087,2024-02-25,VENMO*TRANSFER,-136.2,Miscellaneous,False,False
TXN100088,2024-02-25,AIRBNB HMXY23,-216.17,Travel,False,False
TXN100089,2024-02-26,MARRIOTT 445621,-519.34,Travel,False,False
TXN100090,2024-02-26,VALVE CORP *STEAM,-5.38,Entertainment,False,False
TXN100091,2024-02-27,"DoorDash, Inc.",-44.14,Food,False,False
TXN100092,2024-02-28,NIKE.COM,-103.88,Shopping,False,False
TXN100093,2024-02-28,DOORDASH*RESTAURANT,-23.74,Food,False,False
TXN100094,2024-02-28,Trader Joe's,-86.31,Food,False,False
TXN100095,2024-02-29,Main Street Diner,-29.75,Food,False,False
TXN100096,2024-03-01,SPOTIFY USA,-16.43,Entertainment,False,False
TXN100097,2024-03-01,Trader Joe's,-66.35,Food,False,False
TXN100098,2024-03-01,CITY MEDICAL GRP,-213.32,Healthcare,False,False
TXN100099,2024-03-01,ACME CORP DIRECT DEPOSIT,3190.63,Salary,False,False
TXN100100,2024-03-01,CASH WITHDRAWAL ATM,-44.43,Miscellaneous,False,False
TXN100101,2024-03-02,VENMO*TRANSFER,-35.69,Miscellaneous,False,False
TXN100102,2024-03-02,PF #0233 MONTHLY,-25.08,Healthcare,False,False
TXN100103,2024-03-02,RENT - PROPERTY MGMT CO,-1838.07,Bills,False,False
TXN100104,2024-03-02,DD *DOORDASH,-44.34,Food,False,False
TXN100105,2024-03-02,VENMO PAYMENT,-12.29,Miscellaneous,False,False
TXN100106,2024-03-02,CHIPOTLE MEXICAN GRILL,-18.66,Food,False,False
TXN100107,2024-03-03,CASH WITHDRAWAL ATM,-60.36,Miscellaneous,False,False
TXN100108,2024-03-03,NIKE.COM,-172.31,Shopping,False,False
TXN100109,2024-03-03,NETFLIX.COM,-15.48,Entertainment,False,False
TXN100110,2024-03-03,AIRBNB * HMXY23,-599.3,Travel,False,False
TXN100111,2024-03-04,WHOLE FOODS MARKET,-119.9,Food,False,False
TXN100112,2024-03-04,STARBUCKS #04521,-9.91,Food,False,False
TXN100113,2024-03-04,ATM WITHDRAWAL #4521,-42.72,Miscellaneous,False,False
TXN100114,2024-03-05,Trader Joe's,-87.18,Food,False,False
TXN100115,2024-03-05,FIDELITY INV,-584.31,Investment,False,False
TXN100116,2024-03-05,VALVE CORP *STEAM,-66.2,Entertainment,False,False
TXN100117,2024-03-05,AMZN Mktp US,-106.59,Shopping,False,False
TXN100118,2024-03-05,SPOTIFY USA,-14.54,Entertainment,False,False
TXN100119,2024-03-05,ATM WITHDRAWAL #4521,-193.65,Miscellaneous,False,False
TXN100120,2024-03-05,NETFLIX.COM,-22.46,Entertainment,False,False
TXN100121,2024-03-05,CHIPOTLE MEXICAN GRILL,-10.35,Food,False,False
TXN100122,2024-03-06,SPOTIFY USA,-15.17,Entertainment,False,False
TXN100123,2024-03-06,SPOTIFY USA,-11.1,Entertainment,False,False
TXN100124,2024-03-07,VENMO PAYMENT,-120.45,Miscellaneous,False,False
TXN100125,2024-03-07,ENTERPRISE RENT-A-CAR,-178.05,Travel,False,False
TXN100126,2024-03-08,"DoorDash, Inc.",-27.93,Food,False,False
TXN100127,2024-03-08,Trader Joe's,-39.0,Food,False,False
TXN100128,2024-03-09,DD *DOORDASH,-16.54,Food,False,False
TXN100129,2024-03-09,Chipotle Online,-20.48,Food,False,False
TXN100130,2024-03-09,Nike Inc,-59.07,Shopping,False,False
TXN100131,2024-03-10,TARGET T-1453,-99.65,Shopping,False,False
TXN100132,2024-03-11,PAYPAL *ETSY,-47.19,Shopping,False,False
TXN100133,2024-03-11,CITY MED GROUP CO-PAY,-161.66,Healthcare,False,False
TXN100134,2024-03-11,COMCAST XFINITY,-90.32,Utilities,False,False
TXN100135,2024-03-12,AMAZON MKTPLACE PMTS,-194.91,Shopping,False,False
TXN100136,2024-03-12,Whole Foods,-86.23,Food,False,False
TXN100137,2024-03-12,VENMO*TRANSFER,-128.5,Miscellaneous,False,False
TXN100138,2024-03-13,NIKE STORE #221,-35.45,Shopping,False,False
TXN100139,2024-03-13,AMC 00234 ONLINE,-32.96,Entertainment,False,False
TXN100140,2024-03-15,ACME CORP PAYROLL DIRECT DEP,3190.63,Salary,False,False
TXN100141,2024-03-16,VERIZON WRLS,-76.15,Utilities,False,False
TXN100142,2024-03-20,STATE FARM INS,-141.95,Bills,False,False
TXN100143,2024-03-20,BESTBUY.COM,-322.8,Shopping,False,False
TXN100144,2024-03-21,TRADER JOE S #543,-53.91,Food,False,False
TXN100145,2024-03-21,WHOLEFDS MKT #102,-45.17,Food,False,False
TXN100146,2024-03-21,Trader Joe's,-84.81,Food,False,False
TXN100147,2024-03-22,DD *DOORDASH,-35.87,Food,False,False
TXN100148,2024-03-24,TARGET T-1453,-91.98,Shopping,False,False
TXN100149,2024-03-25,NETFLIX.COM,-17.7,Entertainment,False,False
TXN100150,2024-03-25,CITY MED GROUP CO-PAY,-123.08,Healthcare,False,False
TXN100151,2024-03-27,"DoorDash, Inc.",-22.46,Food,False,False
TXN100152,2024-03-27,CITY MED GROUP CO-PAY,-128.85,Healthcare,False,False
TXN100153,2024-03-28,TRADER JOES,-437.39,Food,False,True
TXN100154,2024-03-29,ACME CORP PAYROLL DIRECT DEP,3801.77,Salary,False,False
TXN100155,2024-03-29,AMC THEATRES,-42.22,Entertainment,False,False
TXN100156,2024-03-30,PF #0233 MONTHLY,-13.77,Healthcare,False,False
TXN100157,2024-03-31,PF #0233 MONTHLY,-25.2,Healthcare,False,False
TXN100158,2024-04-01,RENT - PROPERTY MGMT CO,-1851.61,Bills,False,False
TXN100159,2024-04-02,Etsy Inc,-24.81,Shopping,False,False
TXN100160,2024-04-02,SQ *STARBUCKS,-6.18,Food,False,False
TXN100161,2024-04-02,TARGET T-1453,-93.35,Shopping,False,False
TXN100162,2024-04-03,NETFLIX.COM,-15.73,Entertainment,False,False
TXN100163,2024-04-05,FIDELITY INV,-227.41,Investment,False,False
TXN100164,2024-04-05,Etsy Inc,-57.74,Shopping,False,False
TXN100165,2024-04-06,SPOTIFY USA,-10.7,Entertainment,False,False
TXN100166,2024-04-07,ATM WITHDRAWAL #4521,-73.32,Miscellaneous,False,False
TXN100167,2024-04-08,ETSY.COM - SHOP12,-31.94,Shopping,False,False
TXN100168,2024-04-08,CHIPOTLE 2341,-12.23,Food,False,False
TXN100169,2024-04-08,DELTA AIRLINES,-354.5,Travel,False,False
TXN100170,2024-04-09,Whole Foods,-27.82,Food,False,False
TXN100171,2024-04-09,AMAZON MKTPLACE PMTS,-107.51,Shopping,False,False
TXN100172,2024-04-10,WIRE TRANSFER INTL ZWMJOCDE3,-4112.67,Miscellaneous,True,True
TXN100173,2024-04-10,NETFLIX 1888-638-3549,-22.55,Entertainment,False,False
TXN100174,2024-04-10,VENMO*TRANSFER,-31.73,Miscellaneous,False,False
TXN100175,2024-04-12,COMCAST XFINITY,-89.72,Utilities,False,False
TXN100176,2024-04-12,ACME CORP DIRECT DEPOSIT,3230.7,Salary,False,False
TXN100177,2024-04-14,VERIZON WRLS,-75.07,Utilities,False,False
TXN100178,2024-04-17,VENMO PAYMENT,-124.21,Miscellaneous,False,False
TXN100179,2024-04-19,VENMO*TRANSFER,-15.74,Miscellaneous,False,False
TXN100180,2024-04-19,STATE FARM INS,-139.18,Bills,False,False
TXN100181,2024-04-21,Airbnb Inc,-453.64,Travel,False,False
TXN100182,2024-04-21,Main Street Diner,-10.39,Food,False,False
TXN100183,2024-04-21,SPOTIFY P1A2B3,-11.5,Entertainment,False,False
TXN100184,2024-04-21,ATM WITHDRAWAL #4521,-120.45,Miscellaneous,False,False
TXN100185,2024-04-22,CITY MEDICAL GRP,-198.41,Healthcare,False,False
TXN100186,2024-04-24,NIKE STORE #221,-202.62,Shopping,False,False
TXN100187,2024-04-26,ACME CORP PAYROLL DIRECT DEP,3181.22,Salary,False,False
TXN100188,2024-04-27,Marriott International,-644.72,Travel,False,False
TXN100189,2024-04-29,Chipotle Online,-16.69,Food,False,False
TXN100190,2024-04-30,Trader Joe's,-18.43,Food,False,False
TXN100191,2024-04-30,PF #0233 MONTHLY,-25.36,Healthcare,False,False
TXN100192,2024-04-30,RENT - PROPERTY MGMT CO,-1840.41,Bills,False,False
TXN100193,2024-05-01,WHOLE FOODS MARKET,-48.08,Food,False,False
TXN100194,2024-05-01,NETFLIX.COM,-17.29,Entertainment,False,False
TXN100195,2024-05-02,NETFLIX.COM,-15.46,Entertainment,False,False
TXN100196,2024-05-02,ETSY.COM - SHOP12,-22.52,Shopping,False,False
TXN100197,2024-05-02,NIKE STORE #221,-160.98,Shopping,False,False
TXN100198,2024-05-03,DOORDASH*RESTAURANT,-41.56,Food,False,False
TXN100199,2024-05-03,VALVE CORP *STEAM,-7.12,Entertainment,False,False
TXN100200,2024-05-03,VENMO*TRANSFER,-106.93,Miscellaneous,False,False
TXN100201,2024-05-05,PLANET FITNESS,-16.38,Healthcare,False,False
TXN100202,2024-05-05,TRADER JOE S #543,-65.05,Food,False,False
TXN100203,2024-05-05,CHIPOTLE 2341,-9.0,Food,False,False
TXN100204,2024-05-05,FIDELITY INV,-361.51,Investment,False,False
TXN100205,2024-05-07,PAYPAL *ETSY,-45.13,Shopping,False,False
TXN100206,2024-05-07,PF #0233 MONTHLY,-20.5,Healthcare,False,False
TXN100207,2024-05-07,CASH WITHDRAWAL ATM,-127.11,Miscellaneous,False,False
TXN100208,2024-05-08,Best Buy,-497.48,Shopping,False,False
TXN100209,2024-05-08,SPOTIFY USA,-11.03,Entertainment,False,False
TXN100210,2024-05-09,NIKE.COM,-143.63,Shopping,False,False
TXN100211,2024-05-10,ACME CORP PAYROLL DIRECT DEP,4488.69,Salary,False,False
TXN100212,2024-05-11,NETFLIX.COM,-17.21,Entertainment,False,False
TXN100213,2024-05-11,VENMO*TRANSFER,-92.54,Miscellaneous,False,False
TXN100214,2024-05-13,COMCAST XFINITY,-89.26,Utilities,False,False
TXN100215,2024-05-13,Main Street Diner,-24.27,Food,False,False
TXN100216,2024-05-13,CVS.COM,-75.36,Healthcare,False,False
TXN100217,2024-05-14,DD *DOORDASH,-19.8,Food,False,False
TXN100218,2024-05-14,Whole Foods,-79.87,Food,False,False
TXN100219,2024-05-14,TRADER JOE S #543,-74.86,Food,False,False
TXN100220,2024-05-15,VERIZON WRLS,-74.62,Utilities,False,False
TXN100221,2024-05-15,ENTERPRISE RAC,-275.83,Travel,False,False
TXN100222,2024-05-16,DD *DOORDASH,-25.81,Food,False,False
TXN100223,2024-05-16,STATE UNIV TUITION,-2380.04,Education,False,False
TXN100224,2024-05-17,AMZN Mktp US,-77.92,Shopping,False,False
TXN100225,2024-05-18,THE CORNER DINER LLC,-16.49,Food,False,False
TXN100226,2024-05-19,Airbnb Inc,-112.39,Travel,False,False
TXN100227,2024-05-19,STATE FARM INS,-143.3,Bills,False,False
TXN100228,2024-05-19,Starbucks Coffee,-5.65,Food,False,False
TXN100229,2024-05-19,Amazon.com,-191.36,Shopping,False,False
TXN100230,2024-05-21,Amazon.com,-95.61,Shopping,False,False
TXN100231,2024-05-21,CASH WITHDRAWAL ATM,-132.07,Miscellaneous,False,False
TXN100232,2024-05-23,"DoorDash, Inc.",-31.01,Food,False,False
TXN100233,2024-05-23,ATM WITHDRAWAL #4521,-68.07,Miscellaneous,False,False
TXN100234,2024-05-24,SPOTIFY USA,-12.85,Entertainment,True,False
TXN100235,2024-05-24,WFM 102 AUSTIN TX,-69.76,Food,False,False
TXN100236,2024-05-24,ACME CORP DIRECT DEPOSIT,3181.46,Salary,False,False
TXN100237,2024-05-24,Amazon.com,-27.76,Shopping,False,False
TXN100238,2024-05-24,SPOTIFY USA,-12.85,Entertainment,False,False
TXN100239,2024-05-24,AIRBNB HMXY23,-107.61,Travel,False,False
TXN100240,2024-05-25,VENMO*TRANSFER,-147.14,Miscellaneous,False,False
TXN100241,2024-05-25,Chipotle Online,-17.88,Food,False,False
TXN100242,2024-05-25,COURSERA.ORG,-76.31,Education,False,False
TXN100243,2024-05-25,WIRE TRANSFER INTL UYQEZSGB2,-1737.6,Miscellaneous,False,True
TXN100244,2024-05-26,DOORDASH*RESTAURANT,-485.7,Food,False,True
TXN100245,2024-05-26,WIRE TRANSFER INTL SLQPLBGB2,-1663.31,Miscellaneous,False,True
TXN100246,2024-05-27,Trader Joe's,-84.74,Food,False,False
TXN100247,2024-05-28,AMAZON MKTPLACE PMTS,-171.81,Shopping,False,False
TXN100248,2024-05-29,VALVE CORP *STEAM,-65.73,Entertainment,False,False
TXN100249,2024-05-29,PAYPAL *ETSY,-75.64,Shopping,False,False
TXN100250,2024-05-31,PF #0233 MONTHLY,-25.12,Healthcare,False,False
TXN100251,2024-05-31,Chipotle Online,-12.18,Food,False,False
TXN100252,2024-06-01,VENMO PAYMENT,-69.75,Miscellaneous,False,False
TXN100253,2024-06-02,RENT - PROPERTY MGMT CO,-1851.8,Bills,False,False
TXN100254,2024-06-02,VALVE CORP *STEAM,-26.61,Entertainment,False,False
TXN100255,2024-06-04,NETFLIX.COM,-15.54,Entertainment,False,False
TXN100256,2024-06-04,VENMO*TRANSFER,-140.26,Miscellaneous,False,False
TXN100257,2024-06-05,VANGUARD.COM,-447.75,Investment,False,False
TXN100258,2024-06-06,ATM WITHDRAWAL #4521,-122.92,Miscellaneous,False,False
TXN100259,2024-06-06,SPOTIFY USA,-10.93,Entertainment,False,False
TXN100260,2024-06-07,CVS PHARM,-11.58,Healthcare,False,False
TXN100261,2024-06-07,THE CORNER DINER LLC,-27.34,Food,False,False
TXN100262,2024-06-07,ACME CORP DIRECT DEPOSIT,3181.37,Salary,False,False
TXN100263,2024-06-08,DD *DOORDASH,-54.5,Food,False,False
TXN100264,2024-06-10,MAIN ST DINER,-21.88,Food,False,False
TXN100265,2024-06-11,AMZN Mktp US,-114.49,Shopping,False,False
TXN100266,2024-06-11,PAYPAL *ETSY,-79.58,Shopping,False,False
TXN100267,2024-06-12,DOORDASH*RESTAURANT,-34.62,Food,False,False
TXN100268,2024-06-12,COMCAST XFINITY,-90.86,Utilities,False,False
TXN100269,2024-06-13,STARBUCKS COFFEE CO,-10.14,Food,False,False
TXN100270,2024-06-13,STEAMGAMES.COM,-51.96,Entertainment,False,False
TXN100271,2024-06-13,Nike Inc,-214.29,Shopping,False,False
TXN100272,2024-06-15,CHIPOTLE MEXICAN GRILL,-16.73,Food,False,False
TXN100273,2024-06-15,"DoorDash, Inc.",-15.45,Food,False,False
TXN100274,2024-06-16,VERIZON WRLS,-74.47,Utilities,False,False
TXN100275,2024-06-16,Chipotle Online,-20.03,Food,False,False
TXN100276,2024-06-17,VALVE CORP *STEAM,-45.74,Entertainment,False,False
TXN100277,2024-06-18,VALVE CORP *STEAM,-45.74,Entertainment,True,False
TXN100278,2024-06-19,STATE FARM INS,-141.53,Bills,False,False
TXN100279,2024-06-21,MAIN ST DINER,-20.28,Food,False,False
TXN100280,2024-06-21,WFM 102 AUSTIN TX,-1042.56,Food,False,True
TXN100281,2024-06-21,STEAMGAMES.COM,-45.13,Entertainment,False,False
TXN100282,2024-06-21,ACME CORP DIRECT DEPOSIT,3209.68,Salary,False,False
TXN100283,2024-06-22,STARBUCKS #04521,-7.27,Food,False,False
TXN100284,2024-06-26,VENMO PAYMENT,-11.67,Miscellaneous,False,False
TXN100285,2024-06-27,AMAZON MKTPLACE PMTS,-83.99,Shopping,False,False
TXN100286,2024-06-27,AIRBNB HMXY23,-238.96,Travel,False,False
TXN100287,2024-06-29,Airbnb Inc,-505.9,Travel,False,False
TXN100288,2024-06-30,ATM WITHDRAWAL #4521,-51.51,Miscellaneous,False,False
TXN100289,2024-07-01,VENMO PAYMENT,-77.16,Miscellaneous,False,False
TXN100290,2024-07-01,RENT - PROPERTY MGMT CO,-1854.83,Bills,False,False
TXN100291,2024-07-02,PF #0233 MONTHLY,-25.06,Healthcare,False,False
TXN100292,2024-07-02,DELTA.COM,-780.85,Travel,False,False
TXN100293,2024-07-02,THE CORNER DINER LLC,-20.95,Food,False,False
TXN100294,2024-07-02,TRADER JOE S #543,-29.74,Food,False,False
TXN100295,2024-07-03,Main Street Diner,-13.11,Food,False,False
TXN100296,2024-07-03,NETFLIX.COM,-15.43,Entertainment,False,False
TXN100297,2024-07-04,VENMO*TRANSFER,-127.57,Miscellaneous,False,False
TXN100298,2024-07-04,Chipotle Online,-21.47,Food,False,False
TXN100299,2024-07-04,DD *DOORDASH,-54.47,Food,False,False
TXN100300,2024-07-05,FIDELITY BROKERAGE,-573.88,Investment,False,False
TXN100301,2024-07-05,ACME CORP PAYROLL DIRECT DEP,3123.47,Salary,False,False
TXN100302,2024-07-06,UBER TECHNOLOGIES,-52.37,Travel,False,False
TXN100303,2024-07-07,SQ *STARBUCKS,-6.74,Food,False,False
TXN100304,2024-07-07,Chipotle Online,-12.14,Food,False,False
TXN100305,2024-07-08,THE CORNER DINER LLC,-9.57,Food,False,False
TXN100306,2024-07-08,SPOTIFY USA,-10.83,Entertainment,False,False
TXN100307,2024-07-08,BEST BUY 00003210,-556.18,Shopping,False,False
TXN100308,2024-07-08,Amazon.com,-184.56,Shopping,False,False
TXN100309,2024-07-08,VENMO*TRANSFER,-6.17,Miscellaneous,False,False
TXN100310,2024-07-09,CHIPOTLE 2341,-16.91,Food,False,False
TXN100311,2024-07-10,ENTERPRISE RAC,-290.44,Travel,False,False
TXN100312,2024-07-11,COMCAST XFINITY,-89.99,Utilities,False,False
TXN100313,2024-07-12,TARGET T-1453,-28.32,Shopping,False,False
TXN100314,2024-07-13,DELTA.COM,-702.03,Travel,False,False
TXN100315,2024-07-14,SBUX 04521 SEATTLE WA,-6.6,Food,False,False
TXN100316,2024-07-14,WHOLEFDS MKT #102,-128.7,Food,False,False
TXN100317,2024-07-14,Chipotle Online,-13.82,Food,False,False
TXN100318,2024-07-15,TARGET 00021453,-144.13,Shopping,False,False
TXN100319,2024-07-16,PF #0233 MONTHLY,-22.46,Healthcare,False,False
TXN100320,2024-07-16,VERIZON WRLS,-74.82,Utilities,False,False
TXN100321,2024-07-19,BESTBUY.COM,-871.46,Shopping,False,False
TXN100322,2024-07-19,Chipotle Online,-20.19,Food,False,False
TXN100323,2024-07-19,ACME CORP PAYROLL DIRECT DEP,3131.0,Salary,False,False
TXN100324,2024-07-20,DELTA.COM,-824.03,Travel,False,False
TXN100325,2024-07-20,TARGET 00021453,-156.5,Shopping,False,False
TXN100326,2024-07-20,Main Street Diner,-34.48,Food,False,False
TXN100327,2024-07-21,STATE FARM INS,-139.99,Bills,False,False
TXN100328,2024-07-21,VENMO PAYMENT,-119.65,Miscellaneous,False,False
TXN100329,2024-07-22,DELTA.COM,-525.6,Travel,False,False
TXN100330,2024-07-23,DOORDASH*RESTAURANT,-38.64,Food,False,False
TXN100331,2024-07-23,STATE UNIVERSITY BURSAR,-3191.31,Education,False,False
TXN100332,2024-07-23,BEST BUY 00003210,-615.48,Shopping,False,False
TXN100333,2024-07-23,THE CORNER DINER LLC,-24.2,Food,False,False
TXN100334,2024-07-24,AMC.COM,-21.52,Entertainment,False,False
TXN100335,2024-07-24,CASH WITHDRAWAL ATM,-183.69,Miscellaneous,False,False
TXN100336,2024-07-26,AMC.COM,-29.56,Entertainment,False,False
TXN100337,2024-07-26,WHOLEFDS MKT #102,-133.28,Food,False,False
TXN100338,2024-07-27,"DoorDash, Inc.",-16.26,Food,False,False
TXN100339,2024-07-27,Marriott International,-623.17,Travel,False,False
TXN100340,2024-07-27,PF #0233 MONTHLY,-11.74,Healthcare,False,False
TXN100341,2024-07-27,WHOLE FOODS MARKET,-63.58,Food,False,False
TXN100342,2024-07-27,Main Street Diner,-13.02,Food,False,False
TXN100343,2024-07-27,Main Street Diner,-19.9,Food,False,False
TXN100344,2024-07-28,VALVE CORP *STEAM,-66.04,Entertainment,False,False
TXN100345,2024-07-30,PLANET FITNESS,-20.35,Healthcare,False,False
TXN100346,2024-07-31,PLANET FITNESS,-20.35,Healthcare,True,False
TXN100347,2024-07-31,CASH WITHDRAWAL ATM,-100.05,Miscellaneous,False,False
TXN100348,2024-08-01,WFM 102 AUSTIN TX,-27.42,Food,False,False
TXN100349,2024-08-01,RENT - PROPERTY MGMT CO,-1847.02,Bills,False,False
TXN100350,2024-08-02,VENMO*TRANSFER,-13.78,Miscellaneous,False,False
TXN100351,2024-08-02,ACME CORP PAYROLL DIRECT DEP,3177.51,Salary,False,False
TXN100352,2024-08-02,PF #0233 MONTHLY,-24.79,Healthcare,False,False
TXN100353,2024-08-03,PLANET FITNESS,-24.52,Healthcare,False,False
TXN100354,2024-08-03,NIKE.COM,-155.93,Shopping,False,False
TXN100355,2024-08-03,ETSY.COM - SHOP12,-14.05,Shopping,False,False
TXN100356,2024-08-03,AMC 00234 ONLINE,-54.52,Entertainment,False,False
TXN100357,2024-08-04,NETFLIX.COM,-15.42,Entertainment,False,False
TXN100358,2024-08-04,ETSY.COM - SHOP12,-32.18,Shopping,False,False
TXN100359,2024-08-04,WFM 102 AUSTIN TX,-1482.25,Food,False,True
TXN100360,2024-08-04,TRADER JOE S #543,-59.84,Food,False,False
TXN100361,2024-08-04,SPOTIFY USA,-15.97,Entertainment,False,False
TXN100362,2024-08-05,WHOLE FOODS MARKET,-82.53,Food,False,False
TXN100363,2024-08-05,VANGUARD GRP,-295.47,Investment,False,False
TXN100364,2024-08-06,SPOTIFY USA,-10.95,Entertainment,False,False
TXN100365,2024-08-08,SPOTIFY USA,-14.96,Entertainment,False,False
TXN100366,2024-08-08,SQ *STARBUCKS,-3.63,Food,False,False
TXN100367,2024-08-09,CASH WITHDRAWAL ATM,-29.43,Miscellaneous,False,False
TXN100368,2024-08-09,TARGET T-1453,-66.39,Shopping,False,False
TXN100369,2024-08-10,THE CORNER DINER LLC,-22.68,Food,False,False
TXN100370,2024-08-10,CASH WITHDRAWAL ATM,-100.69,Miscellaneous,False,False
TXN100371,2024-08-12,Chipotle Online,-16.31,Food,False,False
TXN100372,2024-08-12,"DoorDash, Inc.",-21.53,Food,False,False
TXN100373,2024-08-12,TRADER JOE S #543,-71.82,Food,False,False
TXN100374,2024-08-12,COMCAST XFINITY,-90.35,Utilities,False,False
TXN100375,2024-08-14,VENMO*TRANSFER,-98.28,Miscellaneous,False,False
TXN100376,2024-08-14,ATM WITHDRAWAL #4521,-199.75,Miscellaneous,False,False
TXN100377,2024-08-15,NIKE STORE #221,-160.36,Shopping,False,False
TXN100378,2024-08-15,PF #0233 MONTHLY,-11.1,Healthcare,False,False
TXN100379,2024-08-16,ACME CORP PAYROLL DIRECT DEP,3159.49,Salary,False,False
TXN100380,2024-08-16,VERIZON WRLS,-76.41,Utilities,False,False
TXN100381,2024-08-16,CVS PHARM,-57.88,Healthcare,False,False
TXN100382,2024-08-19,SQ *STARBUCKS,-5.84,Food,False,False
TXN100383,2024-08-19,VENMO*TRANSFER,-149.22,Miscellaneous,False,False
TXN100384,2024-08-21,STATE FARM INS,-142.25,Bills,False,False
TXN100385,2024-08-22,TRADER JOES,-48.57,Food,False,False
TXN100386,2024-08-22,PAYPAL *ETSY,-17.93,Shopping,False,False
TXN100387,2024-08-22,AMZN Mktp US,-99.17,Shopping,False,False
TXN100388,2024-08-22,Whole Foods,-57.37,Food,False,False
TXN100389,2024-08-22,VALVE CORP *STEAM,-32.04,Entertainment,False,False
TXN100390,2024-08-23,Starbucks Coffee,-7.13,Food,False,False
TXN100391,2024-08-24,STATE UNIVERSITY BURSAR,-4314.37,Education,False,False
TXN100392,2024-08-25,AIRBNB HMXY23,-145.65,Travel,False,False
TXN100393,2024-08-26,Main Street Diner,-18.69,Food,False,False
TXN100394,2024-08-26,DELTA AIR 0062134,-452.31,Travel,False,False
TXN100395,2024-08-27,STEAMGAMES.COM,-67.95,Entertainment,False,False
TXN100396,2024-08-27,COURSERA INC,-62.46,Education,False,False
TXN100397,2024-08-27,AMC.COM,-17.26,Entertainment,False,False
TXN100398,2024-08-27,AMC.COM,-52.47,Entertainment,False,False
TXN100399,2024-08-27,CITY MED GROUP CO-PAY,-100.88,Healthcare,False,False
TXN100400,2024-08-29,WIRE TRANSFER INTL DSYYKZXXX,-1564.74,Miscellaneous,False,True
TXN100401,2024-08-29,CITY MEDICAL GRP,-55.59,Healthcare,False,False
TXN100402,2024-08-30,Chipotle Online,-13.15,Food,False,False
TXN100403,2024-08-30,ACME CORP PAYROLL DIRECT DEP,3212.57,Salary,False,False
TXN100404,2024-08-31,VENMO PAYMENT,-31.16,Miscellaneous,False,False
TXN100405,2024-08-31,STEAMGAMES.COM,-44.58,Entertainment,False,False
TXN100406,2024-08-31,Chipotle Online,-11.17,Food,False,False
TXN100407,2024-09-01,RENT - PROPERTY MGMT CO,-1849.51,Bills,False,False
TXN100408,2024-09-01,AMC THEATRES,-27.09,Entertainment,False,False
TXN100409,2024-09-02,AIRBNB HMXY23,-176.54,Travel,False,False
TXN100410,2024-09-02,CVS/PHARMACY #6532,-54.44,Healthcare,False,False
TXN100411,2024-09-02,PF #0233 MONTHLY,-24.51,Healthcare,False,False
TXN100412,2024-09-03,ATM WITHDRAWAL #4521,-154.3,Miscellaneous,False,False
TXN100413,2024-09-03,Whole Foods,-67.48,Food,False,False
TXN100414,2024-09-03,NETFLIX.COM,-15.53,Entertainment,False,False
TXN100415,2024-09-04,CHIPOTLE 2341,-13.18,Food,False,False
TXN100416,2024-09-04,AMC.COM,-37.64,Entertainment,False,False
TXN100417,2024-09-05,VANGUARD.COM,-468.68,Investment,False,False
TXN100418,2024-09-06,NETFLIX.COM,-16.67,Entertainment,False,False
TXN100419,2024-09-07,SPOTIFY USA,-90.54,Entertainment,False,True
TXN100420,2024-09-08,BEST BUY 00003210,-685.58,Shopping,False,False
TXN100421,2024-09-08,CHIPOTLE MEXICAN GRILL,-17.27,Food,False,False
TXN100422,2024-09-08,CITY MEDICAL GRP,-175.01,Healthcare,False,False
TXN100423,2024-09-08,"DoorDash, Inc.",-31.01,Food,False,False
TXN100424,2024-09-09,AMAZON MKTPLACE PMTS,-99.14,Shopping,False,False
TXN100425,2024-09-09,Chipotle Online,-17.5,Food,False,False
TXN100426,2024-09-10,"DoorDash, Inc.",-40.69,Food,False,False
TXN100427,2024-09-10,"DoorDash, Inc.",-40.69,Food,True,False
TXN100428,2024-09-10,CVS/PHARMACY #6532,-40.41,Healthcare,False,False
TXN100429,2024-09-11,COMCAST XFINITY,-90.04,Utilities,False,False
TXN100430,2024-09-11,TRADER JOE S #543,-10.65,Food,False,False
TXN100431,2024-09-12,VENMO PAYMENT,-116.27,Miscellaneous,False,False
TXN100432,2024-09-12,CHIPOTLE MEXICAN GRILL,-12.59,Food,False,False
TXN100433,2024-09-13,NETFLIX 1888-638-3549,-21.09,Entertainment,False,False
TXN100434,2024-09-13,TARGET 00021453,-75.87,Shopping,False,False
TXN100435,2024-09-13,ACME CORP PAYROLL DIRECT DEP,3163.68,Salary,False,False
TXN100436,2024-09-14,TARGET T-1453,-105.87,Shopping,False,False
TXN100437,2024-09-14,VERIZON WRLS,-76.85,Utilities,False,False
TXN100438,2024-09-15,THE CORNER DINER LLC,-10.87,Food,False,False
TXN100439,2024-09-17,CASH WITHDRAWAL ATM,-23.37,Miscellaneous,False,False
TXN100440,2024-09-18,CITY MED GROUP CO-PAY,-183.18,Healthcare,False,False
TXN100441,2024-09-18,CASH WITHDRAWAL ATM,-123.64,Miscellaneous,False,False
TXN100442,2024-09-19,STATE FARM INS,-141.73,Bills,False,False
TXN100443,2024-09-19,CVS/PHARMACY #6532,-43.73,Healthcare,False,False
TXN100444,2024-09-19,VALVE CORP *STEAM,-10.73,Entertainment,False,False
TXN100445,2024-09-19,DD *DOORDASH,-16.95,Food,False,False
TXN100446,2024-09-19,CASH WITHDRAWAL ATM,-50.94,Miscellaneous,False,False
TXN100447,2024-09-20,"DoorDash, Inc.",-15.38,Food,False,False
TXN100448,2024-09-21,Best Buy,-322.07,Shopping,False,False
TXN100449,2024-09-21,CHIPOTLE 2341,-9.07,Food,False,False
TXN100450,2024-09-22,CITY MEDICAL GRP,-142.04,Healthcare,False,False
TXN100451,2024-09-23,WFM 102 AUSTIN TX,-58.89,Food,False,False
TXN100452,2024-09-25,SPOTIFY USA,-11.61,Entertainment,False,False
TXN100453,2024-09-26,VENMO PAYMENT,-30.16,Miscellaneous,False,False
TXN100454,2024-09-27,TARGET T-1453,-24.66,Shopping,False,False
TXN100455,2024-09-27,ACME CORP DIRECT DEPOSIT,3143.51,Salary,False,False
TXN100456,2024-09-30,NIKE STORE #221,-173.34,Shopping,False,False
TXN100457,2024-09-30,PF #0233 MONTHLY,-24.7,Healthcare,False,False
TXN100458,2024-10-01,Etsy Inc,-60.82,Shopping,False,False
TXN100459,2024-10-01,TRADER JOES,-67.9,Food,False,False
TXN100460,2024-10-02,NETFLIX.COM,-15.54,Entertainment,False,False
TXN100461,2024-10-02,RENT - PROPERTY MGMT CO,-1871.14,Bills,False,False
TXN100462,2024-10-02,PAYPAL *ETSY,-79.14,Shopping,False,False
TXN100463,2024-10-05,FIDELITY INV,-326.47,Investment,False,False
TXN100464,2024-10-05,MARRIOTT HOTELS,-353.07,Travel,False,False
TXN100465,2024-10-06,Chipotle Online,-8.79,Food,False,False
TXN100466,2024-10-06,DD *DOORDASH,-39.15,Food,False,False
TXN100467,2024-10-07,SPOTIFY USA,-10.99,Entertainment,False,False
TXN100468,2024-10-07,STARBUCKS #04521,-6.63,Food,False,False
TXN100469,2024-10-07,CASH WITHDRAWAL ATM,-103.11,Miscellaneous,False,False
TXN100470,2024-10-08,CITY MEDICAL GRP,-123.44,Healthcare,False,False
TXN100471,2024-10-08,Amazon.com,-106.09,Shopping,False,False
TXN100472,2024-10-08,PLANET FITNESS,-19.67,Healthcare,False,False
TXN100473,2024-10-10,ETSY.COM - SHOP12,-86.62,Shopping,False,False
TXN100474,2024-10-10,SPOTIFY P1A2B3,-14.62,Entertainment,False,False
TXN100475,2024-10-10,STEAMGAMES.COM,-57.71,Entertainment,False,False
TXN100476,2024-10-11,ACME CORP DIRECT DEPOSIT,3258.63,Salary,False,False
TXN100477,2024-10-13,COMCAST XFINITY,-90.67,Utilities,False,False
TXN100478,2024-10-14,VERIZON WRLS,-75.59,Utilities,False,False
TXN100479,2024-10-15,VENMO PAYMENT,-78.16,Miscellaneous,False,False
TXN100480,2024-10-16,CVS/PHARMACY #6532,-28.31,Healthcare,False,False
TXN100481,2024-10-17,VALVE CORP *STEAM,-39.06,Entertainment,False,False
TXN100482,2024-10-17,TRADER JOE S #543,-467.21,Food,False,True
TXN100483,2024-10-18,AMC THEATRES,-29.58,Entertainment,False,False
TXN100484,2024-10-18,Main Street Diner,-17.7,Food,False,False
TXN100485,2024-10-18,Chipotle Online,-16.37,Food,False,False
TXN100486,2024-10-20,ETSY.COM - SHOP12,-36.67,Shopping,False,False
TXN100487,2024-10-20,NIKE STORE #221,-77.88,Shopping,False,False
TXN100488,2024-10-20,BEST BUY 00003210,-513.22,Shopping,False,False
TXN100489,2024-10-21,CASH WITHDRAWAL ATM,-75.84,Miscellaneous,False,False
TXN100490,2024-10-21,STATE FARM INS,-140.71,Bills,False,False
TXN100491,2024-10-22,STEAMGAMES.COM,-43.68,Entertainment,False,False
TXN100492,2024-10-23,CASH WITHDRAWAL ATM,-111.53,Miscellaneous,False,False
TXN100493,2024-10-23,MARRIOTT HOTELS,-475.16,Travel,False,False
TXN100494,2024-10-23,Starbucks Coffee,-8.25,Food,False,False
TXN100495,2024-10-25,DOORDASH*RESTAURANT,-21.74,Food,False,False
TXN100496,2024-10-25,CASH WITHDRAWAL ATM,-190.58,Miscellaneous,False,False
TXN100497,2024-10-25,NETFLIX 1888-638-3549,-17.81,Entertainment,False,False
TXN100498,2024-10-25,ACME CORP DIRECT DEPOSIT,3770.32,Salary,False,False
TXN100499,2024-10-27,ATM WITHDRAWAL #4521,-33.89,Miscellaneous,False,False
TXN100500,2024-10-28,ATM WITHDRAWAL #4521,-139.15,Miscellaneous,False,False
TXN100501,2024-10-29,ETSY.COM - SHOP12,-57.78,Shopping,False,False
TXN100502,2024-10-30,TARGET 00021453,-42.38,Shopping,False,False
TXN100503,2024-10-30,TARGET 00021453,-42.39,Shopping,True,False
TXN100504,2024-10-31,PF #0233 MONTHLY,-25.14,Healthcare,False,False
TXN100505,2024-10-31,SPOTIFY P1A2B3,-11.25,Entertainment,False,False
TXN100506,2024-11-01,Chipotle Online,-18.07,Food,False,False
TXN100507,2024-11-02,THE CORNER DINER LLC,-15.08,Food,False,False
TXN100508,2024-11-02,"DoorDash, Inc.",-24.25,Food,False,False
TXN100509,2024-11-02,RENT - PROPERTY MGMT CO,-1890.52,Bills,False,False
TXN100510,2024-11-02,NETFLIX.COM,-196.12,Entertainment,True,True
TXN100511,2024-11-02,NETFLIX.COM,-15.71,Entertainment,False,False
TXN100512,2024-11-03,CVS PHARM,-87.18,Healthcare,False,False
TXN100513,2024-11-04,NIKE.COM,-99.89,Shopping,False,False
TXN100514,2024-11-05,FIDELITY INV,-383.31,Investment,False,False
TXN100515,2024-11-05,TRADER JOES,-49.24,Food,False,False
TXN100516,2024-11-06,SPOTIFY USA,-10.84,Entertainment,False,False
TXN100517,2024-11-07,PF #0233 MONTHLY,-17.54,Healthcare,False,False
TXN100518,2024-11-07,PLANET FITNESS,-22.25,Healthcare,False,False
TXN100519,2024-11-08,ACME CORP PAYROLL DIRECT DEP,3202.7,Salary,False,False
TXN100520,2024-11-08,TRADER JOE S #543,-84.2,Food,True,False
TXN100521,2024-11-08,TRADER JOE S #543,-84.21,Food,False,False
TXN100522,2024-11-08,STARBUCKS COFFEE CO,-10.93,Food,False,False
TXN100523,2024-11-10,TRADER JOE S #543,-70.47,Food,False,False
TXN100524,2024-11-10,ETSY.COM - SHOP12,-32.81,Shopping,False,False
TXN100525,2024-11-11,WFM 102 AUSTIN TX,-71.16,Food,False,False
TXN100526,2024-11-11,TRADER JOE S #543,-80.64,Food,False,False
TXN100527,2024-11-12,ATM WITHDRAWAL #4521,-167.01,Miscellaneous,False,False
TXN100528,2024-11-12,MARRIOTT HOTELS,-339.9,Travel,False,False
TXN100529,2024-11-13,Nike Inc,-101.05,Shopping,False,False
TXN100530,2024-11-13,AIRBNB HMXY23,-318.7,Travel,False,False
TXN100531,2024-11-13,COMCAST XFINITY,-89.1,Utilities,False,False
TXN100532,2024-11-14,VERIZON WRLS,-74.58,Utilities,False,False
TXN100533,2024-11-16,Starbucks Coffee,-11.41,Food,False,False
TXN100534,2024-11-17,MARRIOTT HOTELS,-192.93,Travel,False,False
TXN100535,2024-11-17,BESTBUY.COM,-634.06,Shopping,False,False
TXN100536,2024-11-18,SPOTIFY P1A2B3,-13.68,Entertainment,False,False
TXN100537,2024-11-19,STATE FARM INS,-142.14,Bills,False,False
TXN100538,2024-11-19,AMAZON.COM*A1B2C3,-12.03,Shopping,False,False
TXN100539,2024-11-19,Etsy Inc,-43.86,Shopping,False,False
TXN100540,2024-11-19,COURSERA INC,-60.95,Education,False,False
TXN100541,2024-11-21,AMZN Mktp US,-97.0,Shopping,False,False
TXN100542,2024-11-21,ENTERPRISE RAC,-81.35,Travel,False,False
TXN100543,2024-11-21,MARRIOTT HOTELS,-279.61,Travel,False,False
TXN100544,2024-11-22,ACME CORP DIRECT DEPOSIT,3143.01,Salary,False,False
TXN100545,2024-11-23,VENMO PAYMENT,-96.63,Miscellaneous,False,False
TXN100546,2024-11-23,ETSY.COM - SHOP12,-67.48,Shopping,False,False
TXN100547,2024-11-24,BESTBUY.COM,-26.37,Shopping,False,False
TXN100548,2024-11-24,CITY MED GROUP CO-PAY,-35.57,Healthcare,False,False
TXN100549,2024-11-24,Uber Trip Help.uber.com,-42.75,Travel,False,False
TXN100550,2024-11-24,BEST BUY 00003210,-524.33,Shopping,False,False
TXN100551,2024-11-25,DOORDASH*RESTAURANT,-39.33,Food,False,False
TXN100552,2024-11-25,CITY MEDICAL GRP,-109.8,Healthcare,False,False
TXN100553,2024-11-26,BESTBUY.COM,-678.9,Shopping,False,False
TXN100554,2024-11-27,AMC 00234 ONLINE,-26.83,Entertainment,False,False
TXN100555,2024-11-28,Main Street Diner,-25.33,Food,False,False
TXN100556,2024-11-29,Trader Joe's,-74.32,Food,False,False
TXN100557,2024-11-29,Trader Joe's,-74.33,Food,True,False
TXN100558,2024-11-30,TARGET 00021453,-71.19,Shopping,False,False
TXN100559,2024-11-30,Best Buy,-178.2,Shopping,False,False
TXN100560,2024-11-30,RENT - PROPERTY MGMT CO,-1830.35,Bills,False,False
TXN100561,2024-12-01,THE CORNER DINER LLC,-34.5,Food,False,False
TXN100562,2024-12-01,PF #0233 MONTHLY,-25.01,Healthcare,False,False
TXN100563,2024-12-01,Nike Inc,-64.63,Shopping,False,False
TXN100564,2024-12-02,WIRE TRANSFER INTL RHCKOMXXX,-2315.48,Miscellaneous,False,True
TXN100565,2024-12-02,TARGET 00021453,-132.3,Shopping,False,False
TXN100566,2024-12-03,NETFLIX.COM,-22.13,Entertainment,False,False
TXN100567,2024-12-03,PLANET FITNESS,-14.4,Healthcare,False,False
TXN100568,2024-12-04,CHIPOTLE MEXICAN GRILL,-15.22,Food,False,False
TXN100569,2024-12-05,VANGUARD GRP,-415.05,Investment,False,False
TXN100570,2024-12-06,MAIN ST DINER,-16.44,Food,False,False
TXN100571,2024-12-06,VENMO*TRANSFER,-10.31,Miscellaneous,False,False
TXN100572,2024-12-06,ACME CORP DIRECT DEPOSIT,3178.22,Salary,False,False
TXN100573,2024-12-06,SPOTIFY USA,-10.82,Entertainment,False,False
TXN100574,2024-12-07,CHIPOTLE MEXICAN GRILL,-20.45,Food,False,False
TXN100575,2024-12-07,AMAZON MKTPLACE PMTS,-65.92,Shopping,False,False
TXN100576,2024-12-08,VALVE CORP *STEAM,-27.04,Entertainment,False,False
TXN100577,2024-12-09,Target.com,-128.27,Shopping,False,False
TXN100578,2024-12-10,Best Buy,-258.38,Shopping,False,False
TXN100579,2024-12-13,COMCAST XFINITY,-90.42,Utilities,False,False
TXN100580,2024-12-13,Amazon.com,-24.73,Shopping,False,False
TXN100581,2024-12-14,ETSY.COM - SHOP12,-53.64,Shopping,False,False
TXN100582,2024-12-14,VERIZON WRLS,-74.31,Utilities,False,False
TXN100583,2024-12-16,CHIPOTLE 2341,-9.12,Food,False,False
TXN100584,2024-12-16,VENMO PAYMENT,-105.02,Miscellaneous,False,False
TXN100585,2024-12-16,BESTBUY.COM,-415.18,Shopping,False,False
TXN100586,2024-12-17,Best Buy,-898.38,Shopping,False,False
TXN100587,2024-12-17,CHIPOTLE MEXICAN GRILL,-8.59,Food,False,False
TXN100588,2024-12-17,Best Buy,-882.52,Shopping,False,False
TXN100589,2024-12-18,STARBUCKS #04521,-9.21,Food,False,False
TXN100590,2024-12-18,VALVE CORP *STEAM,-38.35,Entertainment,False,False
TXN100591,2024-12-19,TARGET 00021453,-35.99,Shopping,False,False
TXN100592,2024-12-20,Etsy Inc,-72.5,Shopping,False,False
TXN100593,2024-12-20,STATE FARM INS,-144.2,Bills,False,False
TXN100594,2024-12-20,ACME CORP PAYROLL DIRECT DEP,3204.44,Salary,False,False
TXN100595,2024-12-21,WIRE TRANSFER INTL GCIXEBXXX,-2219.39,Miscellaneous,False,True
TXN100596,2024-12-22,THE CORNER DINER LLC,-18.42,Food,False,False
TXN100597,2024-12-22,TRADER JOE S #543,-61.43,Food,False,False
TXN100598,2024-12-23,THE CORNER DINER LLC,-33.67,Food,False,False
TXN100599,2024-12-23,BESTBUY.COM,-692.7,Shopping,False,False
TXN100600,2024-12-24,ENTERPRISE RENT-A-CAR,-240.02,Travel,False,False
TXN100601,2024-12-24,NIKE STORE #221,-153.42,Shopping,False,False
TXN100602,2024-12-24,TARGET 00021453,-16.35,Shopping,False,False
TXN100603,2024-12-25,Whole Foods,-79.72,Food,False,False
TXN100604,2024-12-25,NIKE.COM,-219.31,Shopping,False,False
TXN100605,2024-12-25,NETFLIX 1888-638-3549,-21.3,Entertainment,False,False
TXN100606,2024-12-26,Chipotle Online,-20.83,Food,False,False
TXN100607,2024-12-27,NIKE.COM,-53.3,Shopping,False,False
TXN100608,2024-12-29,Amazon.com,-44.6,Shopping,False,False
TXN100609,2024-12-31,NIKE.COM,-184.0,Shopping,False,False
TXN100610,2024-12-31,PF #0233 MONTHLY,-25.19,Healthcare,False,False
TXN100611,2025-01-01,Best Buy,-329.0,Shopping,False,False
TXN100612,2025-01-01,NETFLIX 1888-638-3549,-22.17,Entertainment,False,False
TXN100613,2025-01-01,ATM WITHDRAWAL #4521,-162.87,Miscellaneous,False,False
TXN100614,2025-01-02,RENT - PROPERTY MGMT CO,-1827.23,Bills,False,False
TXN100615,2025-01-02,ETSY.COM - SHOP12,-19.71,Shopping,False,False
TXN100616,2025-01-02,WIRE TRANSFER INTL XZFOYDXXX,-1799.58,Miscellaneous,False,True
TXN100617,2025-01-03,ACME CORP DIRECT DEPOSIT,3153.96,Salary,False,False
TXN100618,2025-01-03,STEAMGAMES.COM,-28.46,Entertainment,False,False
TXN100619,2025-01-03,TRADER JOES,-49.73,Food,False,False
TXN100620,2025-01-04,NETFLIX.COM,-15.37,Entertainment,False,False
TXN100621,2025-01-04,ETSY.COM - SHOP12,-58.96,Shopping,False,False
TXN100622,2025-01-05,NETFLIX.COM,-17.81,Entertainment,False,False
TXN100623,2025-01-05,FIDELITY INV,-573.3,Investment,False,False
TXN100624,2025-01-06,Nike Inc,-108.05,Shopping,False,False
TXN100625,2025-01-06,"DoorDash, Inc.",-15.17,Food,False,False
TXN100626,2025-01-07,Marriott International,-159.31,Travel,False,False
TXN100627,2025-01-07,"DoorDash, Inc.",-34.25,Food,False,False
TXN100628,2025-01-07,SPOTIFY USA,-10.95,Entertainment,False,False
TXN100629,2025-01-07,SPOTIFY USA,-15.6,Entertainment,False,False
TXN100630,2025-01-07,Whole Foods,-77.86,Food,False,False
TXN100631,2025-01-08,Target.com,-171.18,Shopping,False,False
TXN100632,2025-01-08,CHIPOTLE 2341,-10.27,Food,False,False
TXN100633,2025-01-08,AMAZON.COM*A1B2C3,-117.84,Shopping,False,False
TXN100634,2025-01-10,BEST BUY 00003210,-580.67,Shopping,False,False
TXN100635,2025-01-10,PAYPAL *ETSY,-77.67,Shopping,False,False
TXN100636,2025-01-11,VENMO PAYMENT,-95.63,Miscellaneous,False,False
TXN100637,2025-01-11,COURSERA INC,-62.67,Education,False,False
TXN100638,2025-01-11,TRADER JOE S #543,-24.55,Food,False,False
TXN100639,2025-01-11,COMCAST XFINITY,-90.19,Utilities,False,False
TXN100640,2025-01-12,CITY MED GROUP CO-PAY,-213.78,Healthcare,False,False
TXN100641,2025-01-13,CITY MEDICAL GRP,-209.8,Healthcare,False,False
TXN100642,2025-01-13,AMAZON.COM*A1B2C3,-17.64,Shopping,False,False
TXN100643,2025-01-13,Main Street Diner,-15.88,Food,False,False
TXN100644,2025-01-14,SPOTIFY P1A2B3,-14.7,Entertainment,False,False
TXN100645,2025-01-15,CVS PHARM,-80.9,Healthcare,False,False
TXN100646,2025-01-15,TRADER JOES,-64.56,Food,False,False
TXN100647,2025-01-16,AMAZON.COM*A1B2C3,-41.51,Shopping,False,False
TXN100648,2025-01-16,VERIZON WRLS,-75.98,Utilities,False,False
TXN100649,2025-01-16,PF #0233 MONTHLY,-13.67,Healthcare,False,False
TXN100650,2025-01-16,THE CORNER DINER LLC,-16.73,Food,False,False
TXN100651,2025-01-17,ACME CORP DIRECT DEPOSIT,3215.03,Salary,False,False
TXN100652,2025-01-17,NIKE STORE #221,-118.24,Shopping,False,False
TXN100653,2025-01-21,STATE FARM INS,-139.72,Bills,False,False
TXN100654,2025-01-21,BESTBUY.COM,-139.42,Shopping,False,False
TXN100655,2025-01-21,Best Buy,-889.52,Shopping,False,False
TXN100656,2025-01-21,Best Buy,-150.71,Shopping,False,False
TXN100657,2025-01-23,Marriott International,-417.68,Travel,False,False
TXN100658,2025-01-24,CHIPOTLE 2341,-14.53,Food,False,False
TXN100659,2025-01-25,VENMO*TRANSFER,-40.95,Miscellaneous,False,False
TXN100660,2025-01-25,STARBUCKS #04521,-5.97,Food,False,False
TXN100661,2025-01-26,"DoorDash, Inc.",-29.98,Food,False,False
TXN100662,2025-01-26,WFM 102 AUSTIN TX,-131.72,Food,False,False
TXN100663,2025-01-27,AMC 00234 ONLINE,-44.81,Entertainment,False,False
TXN100664,2025-01-29,MARRIOTT 445621,-132.28,Travel,False,False
TXN100665,2025-01-29,Nike Inc,-116.87,Shopping,False,False
TXN100666,2025-01-29,Nike Inc,-118.69,Shopping,False,False
TXN100667,2025-01-30,ATM WITHDRAWAL #4521,-125.0,Miscellaneous,False,False
TXN100668,2025-01-31,AMAZON.COM*A1B2C3,-67.65,Shopping,False,False
TXN100669,2025-01-31,ACME CORP PAYROLL DIRECT DEP,3175.97,Salary,False,False
TXN100670,2025-01-31,PF #0233 MONTHLY,-25.19,Healthcare,False,False
TXN100671,2025-02-01,RENT - PROPERTY MGMT CO,-1827.12,Bills,False,False
TXN100672,2025-02-01,CITY MED GROUP CO-PAY,-85.72,Healthcare,False,False
TXN100673,2025-02-01,STARBUCKS #04521,-7.16,Food,False,False
TXN100674,2025-02-02,Chipotle Online,-13.12,Food,False,False
TXN100675,2025-02-04,NETFLIX.COM,-15.52,Entertainment,False,False
TXN100676,2025-02-04,NIKE STORE #221,-38.6,Shopping,False,False
TXN100677,2025-02-05,FIDELITY BROKERAGE,-347.81,Investment,False,False
TXN100678,2025-02-07,SPOTIFY USA,-11.02,Entertainment,False,False
TXN100679,2025-02-08,STATE UNIVERSITY BURSAR,-3557.62,Education,False,False
TXN100680,2025-02-08,DELTA AIRLINES,-543.27,Travel,False,False
TXN100681,2025-02-08,Best Buy,-277.53,Shopping,False,False
TXN100682,2025-02-08,Chipotle Online,-17.53,Food,False,False
TXN100683,2025-02-09,AMZN Mktp US,-214.72,Shopping,False,False
TXN100684,2025-02-10,NIKE STORE #221,-181.03,Shopping,False,False
TXN100685,2025-02-10,Best Buy,-846.58,Shopping,False,False
TXN100686,2025-02-11,Nike Inc,-37.65,Shopping,False,False
TXN100687,2025-02-11,SQ *STARBUCKS,-9.57,Food,False,False
TXN100688,2025-02-11,STATE UNIVERSITY BURSAR,-1095.76,Education,False,False
TXN100689,2025-02-11,SPOTIFY USA,-14.6,Entertainment,False,False
TXN100690,2025-02-12,COMCAST XFINITY,-88.8,Utilities,False,False
TXN100691,2025-02-13,VENMO PAYMENT,-61.98,Miscellaneous,False,False
TXN100692,2025-02-13,SPOTIFY P1A2B3,-16.58,Entertainment,False,False
TXN100693,2025-02-14,VERIZON WRLS,-75.39,Utilities,False,False
TXN100694,2025-02-14,TRADER JOES,-53.12,Food,False,False
TXN100695,2025-02-14,ACME CORP PAYROLL DIRECT DEP,3188.33,Salary,False,False
TXN100696,2025-02-14,Etsy Inc,-77.41,Shopping,False,False
TXN100697,2025-02-15,Trader Joe's,-51.64,Food,False,False
TXN100698,2025-02-15,TRADER JOES,-50.37,Food,False,False
TXN100699,2025-02-16,Starbucks Coffee,-6.32,Food,False,False
TXN100700,2025-02-18,STARBUCKS COFFEE CO,-8.46,Food,False,False
TXN100701,2025-02-18,Amazon.com,-64.29,Shopping,False,False
TXN100702,2025-02-19,MAIN ST DINER,-24.17,Food,False,False
TXN100703,2025-02-19,Main Street Diner,-219.89,Food,False,True
TXN100704,2025-02-19,STATE FARM INS,-142.42,Bills,False,False
TXN100705,2025-02-20,MAIN ST DINER,-9.82,Food,False,False
TXN100706,2025-02-20,Whole Foods,-33.47,Food,False,False
TXN100707,2025-02-21,NETFLIX.COM,-15.63,Entertainment,False,False
TXN100708,2025-02-21,BESTBUY.COM,-157.5,Shopping,False,False
TXN100709,2025-02-21,NETFLIX.COM,-15.63,Entertainment,True,False
TXN100710,2025-02-24,VENMO PAYMENT,-107.34,Miscellaneous,False,False
TXN100711,2025-02-24,WIRE TRANSFER INTL YJYKCHUS1,-4898.61,Miscellaneous,False,True
TXN100712,2025-02-24,CITY MEDICAL GRP,-149.0,Healthcare,False,False
TXN100713,2025-02-25,CVS PHARM,-82.79,Healthcare,False,False
TXN100714,2025-02-25,Airbnb Inc,-319.86,Travel,False,False
TXN100715,2025-02-26,VENMO*TRANSFER,-32.88,Miscellaneous,False,False
TXN100716,2025-02-26,Best Buy,-335.0,Shopping,False,False
TXN100717,2025-02-28,Target.com,-105.76,Shopping,False,False
TXN100718,2025-02-28,ACME CORP PAYROLL DIRECT DEP,3175.93,Salary,False,False
TXN100719,2025-03-01,PF #0233 MONTHLY,-24.82,Healthcare,False,False
TXN100720,2025-03-01,WIRE TRANSFER INTL EXCSQXDE3,-847.86,Miscellaneous,False,True
TXN100721,2025-03-01,MAIN ST DINER,-26.95,Food,False,False
TXN100722,2025-03-01,RENT - PROPERTY MGMT CO,-1854.3,Bills,False,False
TXN100723,2025-03-02,NETFLIX.COM,-15.53,Entertainment,False,False
TXN100724,2025-03-02,PF #0233 MONTHLY,-17.2,Healthcare,False,False
TXN100725,2025-03-02,VENMO*TRANSFER,-22.67,Miscellaneous,False,False
TXN100726,2025-03-03,CITY MED GROUP CO-PAY,-226.02,Healthcare,False,False
TXN100727,2025-03-03,NIKE STORE #221,-211.38,Shopping,False,False
TXN100728,2025-03-04,CASH WITHDRAWAL ATM,-186.32,Miscellaneous,False,False
TXN100729,2025-03-04,UBER TECHNOLOGIES,-10.19,Travel,False,False
TXN100730,2025-03-04,VENMO*TRANSFER,-36.03,Miscellaneous,False,False
TXN100731,2025-03-04,TRADER JOES,-89.31,Food,False,False
TXN100732,2025-03-05,VANGUARD GRP,-533.5,Investment,False,False
TXN100733,2025-03-07,BEST BUY 00003210,-120.57,Shopping,False,False
TXN100734,2025-03-07,COURSERA INC,-41.03,Education,False,False
TXN100735,2025-03-08,ETSY.COM - SHOP12,-61.04,Shopping,False,False
TXN100736,2025-03-08,STARBUCKS #04521,-7.01,Food,False,False
TXN100737,2025-03-08,SPOTIFY USA,-11.03,Entertainment,False,False
TXN100738,2025-03-09,CITY MED GROUP CO-PAY,-43.13,Healthcare,False,False
TXN100739,2025-03-09,WHOLEFDS MKT #102,-135.56,Food,False,False
TXN100740,2025-03-09,Target.com,-121.69,Shopping,False,False
TXN100741,2025-03-12,NIKE STORE #221,-153.6,Shopping,False,False
TXN100742,2025-03-12,PF #0233 MONTHLY,-14.28,Healthcare,False,False
TXN100743,2025-03-12,COMCAST XFINITY,-90.25,Utilities,False,False
TXN100744,2025-03-14,TARGET T-1453,-136.1,Shopping,False,False
TXN100745,2025-03-14,ACME CORP DIRECT DEPOSIT,3274.09,Salary,False,False
TXN100746,2025-03-14,STARBUCKS #04521,-9.04,Food,False,False
TXN100747,2025-03-15,WHOLEFDS MKT #102,-139.65,Food,False,False
TXN100748,2025-03-15,CVS/PHARMACY #6532,-42.27,Healthcare,False,False
TXN100749,2025-03-15,VERIZON WRLS,-74.46,Utilities,False,False
TXN100750,2025-03-16,VENMO*TRANSFER,-32.02,Miscellaneous,False,False
TXN100751,2025-03-17,THE CORNER DINER LLC,-31.8,Food,False,False
TXN100752,2025-03-18,CASH WITHDRAWAL ATM,-122.23,Miscellaneous,False,False
TXN100753,2025-03-19,NETFLIX 1888-638-3549,-17.62,Entertainment,False,False
TXN100754,2025-03-20,STATE FARM INS,-144.65,Bills,False,False
TXN100755,2025-03-20,Etsy Inc,-49.51,Shopping,False,False
TXN100756,2025-03-20,SPOTIFY P1A2B3,-12.63,Entertainment,False,False
TXN100757,2025-03-22,CVS PHARM,-21.32,Healthcare,False,False
TXN100758,2025-03-24,"DoorDash, Inc.",-23.06,Food,False,False
TXN100759,2025-03-24,UBER *TRIP,-46.3,Travel,False,False
TXN100760,2025-03-25,AMC.COM,-41.0,Entertainment,False,False
TXN100761,2025-03-25,CVS/PHARMACY #6532,-58.1,Healthcare,False,False
TXN100762,2025-03-27,THE CORNER DINER LLC,-30.5,Food,False,False
TXN100763,2025-03-27,PAYPAL *ETSY,-16.94,Shopping,False,False
TXN100764,2025-03-28,ACME CORP DIRECT DEPOSIT,3878.0,Salary,False,False
TXN100765,2025-03-28,DD *DOORDASH,-52.24,Food,False,False
TXN100766,2025-03-28,AMZN Mktp US,-216.12,Shopping,False,False
TXN100767,2025-03-28,AMAZON MKTPLACE PMTS,-89.32,Shopping,False,False
TXN100768,2025-03-29,DD *DOORDASH,-53.02,Food,False,False
TXN100769,2025-03-30,Best Buy,-657.52,Shopping,False,False
TXN100770,2025-03-30,NETFLIX 1888-638-3549,-20.39,Entertainment,False,False
TXN100771,2025-03-30,CITY MEDICAL GRP,-34.29,Healthcare,False,False
TXN100772,2025-03-30,STARBUCKS COFFEE CO,-6.11,Food,False,False
TXN100773,2025-03-31,Airbnb Inc,-396.54,Travel,False,False
TXN100774,2025-03-31,Marriott International,-182.23,Travel,False,False
TXN100775,2025-04-02,PF #0233 MONTHLY,-25.15,Healthcare,False,False
TXN100776,2025-04-02,RENT - PROPERTY MGMT CO,-1831.97,Bills,False,False
TXN100777,2025-04-02,CHIPOTLE MEXICAN GRILL,-16.6,Food,False,False
TXN100778,2025-04-04,NETFLIX.COM,-15.56,Entertainment,False,False
TXN100779,2025-04-04,TARGET 00021453,-92.33,Shopping,False,False
TXN100780,2025-04-05,VENMO*TRANSFER,-106.78,Miscellaneous,False,False
TXN100781,2025-04-05,Nike Inc,-217.88,Shopping,False,False
TXN100782,2025-04-05,VANGUARD GRP,-467.15,Investment,False,False
TXN100783,2025-04-06,SPOTIFY USA,-10.86,Entertainment,False,False
TXN100784,2025-04-06,PLANET FITNESS,-21.43,Healthcare,False,False
TXN100785,2025-04-07,Main Street Diner,-31.7,Food,False,False
TXN100786,2025-04-09,PLANET FITNESS,-23.76,Healthcare,False,False
TXN100787,2025-04-09,NETFLIX 1888-638-3549,-19.45,Entertainment,False,False
TXN100788,2025-04-11,CVS/PHARMACY #6532,-75.96,Healthcare,False,False
TXN100789,2025-04-11,ACME CORP PAYROLL DIRECT DEP,3157.69,Salary,False,False
TXN100790,2025-04-12,TRADER JOE S #543,-58.68,Food,False,False
TXN100791,2025-04-12,WHOLE FOODS MARKET,-56.01,Food,False,False
TXN100792,2025-04-13,COMCAST XFINITY,-90.7,Utilities,False,False
TXN100793,2025-04-14,VERIZON WRLS,-75.87,Utilities,False,False
TXN100794,2025-04-15,TRADER JOES,-19.88,Food,False,False
TXN100795,2025-04-16,Whole Foods,-26.37,Food,False,False
TXN100796,2025-04-16,PAYPAL *ETSY,-74.7,Shopping,False,False
TXN100797,2025-04-19,NIKE.COM,-127.52,Shopping,False,False
TXN100798,2025-04-19,STATE FARM INS,-140.83,Bills,False,False
TXN100799,2025-04-20,WIRE TRANSFER INTL SXVIAPUS1,-4052.34,Miscellaneous,False,True
TXN100800,2025-04-22,Best Buy,-44.05,Shopping,False,False
TXN100801,2025-04-22,NETFLIX.COM,-18.67,Entertainment,False,False
TXN100802,2025-04-22,ATM WITHDRAWAL #4521,-188.22,Miscellaneous,False,False
TXN100803,2025-04-22,CHIPOTLE 2341,-18.44,Food,False,False
TXN100804,2025-04-24,DELTA.COM,-172.21,Travel,False,False
TXN100805,2025-04-25,ACME CORP DIRECT DEPOSIT,3232.9,Salary,False,False
TXN100806,2025-04-25,DOORDASH*RESTAURANT,-45.07,Food,False,False
TXN100807,2025-04-25,Main Street Diner,-25.79,Food,False,False
TXN100808,2025-04-25,DD *DOORDASH,-54.69,Food,False,False
TXN100809,2025-04-27,DD *DOORDASH,-49.39,Food,False,False
TXN100810,2025-04-27,VENMO*TRANSFER,-16.64,Miscellaneous,False,False
TXN100811,2025-04-28,SPOTIFY P1A2B3,-11.7,Entertainment,False,False
TXN100812,2025-04-29,PAYPAL *ETSY,-52.31,Shopping,False,False
TXN100813,2025-04-30,WIRE TRANSFER INTL VIKMRCDE3,-1576.5,Miscellaneous,False,True
TXN100814,2025-04-30,ATM WITHDRAWAL #4521,-156.11,Miscellaneous,False,False
TXN100815,2025-05-01,VALVE CORP *STEAM,-58.52,Entertainment,False,False
TXN100816,2025-05-01,PF #0233 MONTHLY,-226.44,Healthcare,False,True
TXN100817,2025-05-01,BESTBUY.COM,-614.31,Shopping,False,False
TXN100818,2025-05-02,Target.com,-70.15,Shopping,False,False
TXN100819,2025-05-03,MAIN ST DINER,-9.84,Food,False,False
TXN100820,2025-05-03,NETFLIX.COM,-15.64,Entertainment,False,False
TXN100821,2025-05-03,PLANET FITNESS,-24.06,Healthcare,False,False
TXN100822,2025-05-05,FIDELITY BROKERAGE,-575.57,Investment,False,False
TXN100823,2025-05-06,Nike Inc,-175.55,Shopping,False,False
TXN100824,2025-05-08,SPOTIFY USA,-11.04,Entertainment,False,False
TXN100825,2025-05-08,AMZN Mktp US,-51.69,Shopping,False,False
TXN100826,2025-05-08,ATM WITHDRAWAL #4521,-100.36,Miscellaneous,False,False
TXN100827,2025-05-08,CITY MEDICAL GRP,-76.29,Healthcare,False,False
TXN100828,2025-05-09,ACME CORP DIRECT DEPOSIT,3151.17,Salary,False,False
TXN100829,2025-05-11,Amazon.com,-101.06,Shopping,False,False
TXN100830,2025-05-11,TRADER JOE S #543,-74.12,Food,False,False
TXN100831,2025-05-11,COMCAST XFINITY,-89.77,Utilities,False,False
TXN100832,2025-05-12,CVS/PHARMACY #6532,-49.32,Healthcare,False,False
TXN100833,2025-05-12,VENMO PAYMENT,-123.29,Miscellaneous,False,False
TXN100834,2025-05-14,CITY MED GROUP CO-PAY,-152.82,Healthcare,False,False
TXN100835,2025-05-14,VERIZON WRLS,-74.43,Utilities,False,False
TXN100836,2025-05-15,TARGET T-1453,-99.57,Shopping,False,False
TXN100837,2025-05-15,DD *DOORDASH,-23.83,Food,False,False
TXN100838,2025-05-15,VENMO PAYMENT,-48.76,Miscellaneous,False,False
TXN100839,2025-05-16,CASH WITHDRAWAL ATM,-120.05,Miscellaneous,False,False
TXN100840,2025-05-16,CASH WITHDRAWAL ATM,-189.49,Miscellaneous,False,False
TXN100841,2025-05-17,THE CORNER DINER LLC,-29.43,Food,False,False
TXN100842,2025-05-19,STATE FARM INS,-140.74,Bills,False,False
TXN100843,2025-05-20,SPOTIFY P1A2B3,-13.25,Entertainment,False,False
TXN100844,2025-05-20,Best Buy,-389.28,Shopping,False,False
TXN100845,2025-05-22,VENMO PAYMENT,-128.15,Miscellaneous,False,False
TXN100846,2025-05-22,STEAMGAMES.COM,-41.56,Entertainment,False,False
TXN100847,2025-05-22,"DoorDash, Inc.",-34.79,Food,False,False
TXN100848,2025-05-22,AMC.COM,-18.21,Entertainment,False,False
TXN100849,2025-05-23,ACME CORP DIRECT DEPOSIT,3208.35,Salary,False,False
TXN100850,2025-05-23,DOORDASH*RESTAURANT,-22.96,Food,False,False
TXN100851,2025-05-23,Marriott International,-161.91,Travel,False,False
TXN100852,2025-05-24,VALVE CORP *STEAM,-11.01,Entertainment,False,False
TXN100853,2025-05-24,MAIN ST DINER,-10.34,Food,False,False
TXN100854,2025-05-24,VENMO PAYMENT,-131.67,Miscellaneous,False,False
TXN100855,2025-05-25,TARGET T-1453,-133.68,Shopping,False,False
TXN100856,2025-05-25,COURSERA.ORG,-47.36,Education,False,False
TXN100857,2025-05-25,BESTBUY.COM,-862.39,Shopping,False,False
TXN100858,2025-05-26,COURSERA INC,-76.49,Education,False,False
TXN100859,2025-05-27,COURSERA INC,-76.5,Education,True,False
TXN100860,2025-05-27,NETFLIX 1888-638-3549,-22.35,Entertainment,False,False
TXN100861,2025-05-28,Main Street Diner,-27.3,Food,False,False
TXN100862,2025-05-30,PLANET FITNESS,-18.28,Healthcare,False,False
TXN100863,2025-05-31,PF #0233 MONTHLY,-25.08,Healthcare,False,False
TXN100864,2025-05-31,STATE UNIVERSITY BURSAR,-2365.0,Education,False,False
TXN100865,2025-05-31,BESTBUY.COM,-253.87,Shopping,False,False
TXN100866,2025-06-01,VALVE CORP *STEAM,-11.41,Entertainment,False,False
TXN100867,2025-06-01,NIKE STORE #221,-203.72,Shopping,False,False
TXN100868,2025-06-01,RENT - PROPERTY MGMT CO,-1855.12,Bills,False,False
TXN100869,2025-06-02,CHIPOTLE MEXICAN GRILL,-13.8,Food,False,False
TXN100870,2025-06-03,COURSERA INC,-39.65,Education,False,False
TXN100871,2025-06-04,VALVE CORP *STEAM,-14.91,Entertainment,False,False
TXN100872,2025-06-04,NETFLIX.COM,-15.36,Entertainment,False,False
TXN100873,2025-06-05,CHIPOTLE 2341,-13.32,Food,False,False
TXN100874,2025-06-05,FIDELITY INV,-246.17,Investment,False,False
TXN100875,2025-06-06,ACME CORP DIRECT DEPOSIT,3121.61,Salary,False,False
TXN100876,2025-06-07,CASH WITHDRAWAL ATM,-119.12,Miscellaneous,False,False
TXN100877,2025-06-07,SPOTIFY USA,-10.98,Entertainment,False,False
TXN100878,2025-06-08,VALVE CORP *STEAM,-34.95,Entertainment,False,False
TXN100879,2025-06-08,MARRIOTT HOTELS,-194.18,Travel,False,False
TXN100880,2025-06-08,TRADER JOES,-25.64,Food,False,False
TXN100881,2025-06-08,VENMO*TRANSFER,-115.69,Miscellaneous,False,False
TXN100882,2025-06-09,ATM WITHDRAWAL #4521,-171.03,Miscellaneous,False,False
TXN100883,2025-06-10,ATM WITHDRAWAL #4521,-157.58,Miscellaneous,False,False
TXN100884,2025-06-11,COMCAST XFINITY,-90.73,Utilities,False,False
TXN100885,2025-06-12,STEAMGAMES.COM,-59.77,Entertainment,False,False
TXN100886,2025-06-13,ATM WITHDRAWAL #4521,-147.29,Miscellaneous,False,False
TXN100887,2025-06-14,CVS/PHARMACY #6532,-49.47,Healthcare,False,False
TXN100888,2025-06-15,VENMO PAYMENT,-94.59,Miscellaneous,False,False
TXN100889,2025-06-15,VERIZON WRLS,-75.01,Utilities,True,False
TXN100890,2025-06-15,VERIZON WRLS,-75.01,Utilities,False,False
TXN100891,2025-06-16,STATE UNIVERSITY BURSAR,-562.93,Education,False,False
TXN100892,2025-06-17,Trader Joe's,-44.96,Food,False,False
TXN100893,2025-06-18,SBUX 04521 SEATTLE WA,-9.64,Food,False,False
TXN100894,2025-06-18,TRADER JOES,-11.46,Food,False,False
TXN100895,2025-06-19,AIRBNB HMXY23,-155.28,Travel,False,False
TXN100896,2025-06-20,STATE FARM INS,-144.06,Bills,False,False
TXN100897,2025-06-20,NETFLIX.COM,-17.3,Entertainment,False,False
TXN100898,2025-06-20,ACME CORP DIRECT DEPOSIT,3146.87,Salary,False,False
TXN100899,2025-06-22,Trader Joe's,-31.46,Food,False,False
TXN100900,2025-06-22,CHIPOTLE MEXICAN GRILL,-19.13,Food,False,False
TXN100901,2025-06-22,Starbucks Coffee,-11.65,Food,False,False
TXN100902,2025-06-22,PLANET FITNESS,-24.85,Healthcare,False,False
TXN100903,2025-06-22,CHIPOTLE MEXICAN GRILL,-19.14,Food,True,False
TXN100904,2025-06-24,WFM 102 AUSTIN TX,-100.51,Food,False,False
TXN100905,2025-06-24,AIRBNB * HMXY23,-427.15,Travel,False,False
TXN100906,2025-06-24,COURSERA INC,-42.74,Education,False,False
TXN100907,2025-06-27,Amazon.com,-187.21,Shopping,False,False
TXN100908,2025-06-27,Best Buy,-880.16,Shopping,False,False
TXN100909,2025-06-27,AMAZON.COM*A1B2C3,-56.71,Shopping,False,False
TXN100910,2025-06-27,AMAZON.COM*A1B2C3,-157.0,Shopping,False,False
TXN100911,2025-06-28,ENTERPRISE RAC,-152.17,Travel,False,False
TXN100912,2025-06-28,NETFLIX 1888-638-3549,-22.23,Entertainment,False,False
TXN100913,2025-06-28,Enterprise,-71.19,Travel,False,False
TXN100914,2025-06-29,BEST BUY 00003210,-866.29,Shopping,False,False
TXN100915,2025-07-01,PF #0233 MONTHLY,-25.15,Healthcare,False,False
TXN100916,2025-07-01,SPOTIFY P1A2B3,-16.56,Entertainment,False,False
TXN100917,2025-07-02,NETFLIX.COM,-15.45,Entertainment,False,False
TXN100918,2025-07-02,RENT - PROPERTY MGMT CO,-1834.14,Bills,False,False
TXN100919,2025-07-02,AMC 00234 ONLINE,-36.25,Entertainment,False,False
TXN100920,2025-07-02,TRADER JOES,-67.55,Food,False,False
TXN100921,2025-07-02,TRADER JOES,-42.63,Food,False,False
TXN100922,2025-07-03,MAIN ST DINER,-29.55,Food,False,False
TXN100923,2025-07-04,ACME CORP PAYROLL DIRECT DEP,3207.87,Salary,False,False
TXN100924,2025-07-05,FIDELITY BROKERAGE,-308.94,Investment,False,False
TXN100925,2025-07-05,AMAZON MKTPLACE PMTS,-19.38,Shopping,False,False
TXN100926,2025-07-06,AIRBNB HMXY23,-601.59,Travel,False,False
TXN100927,2025-07-06,SPOTIFY USA,-11.29,Entertainment,False,False
TXN100928,2025-07-07,Marriott International,-527.57,Travel,False,False
TXN100929,2025-07-11,COMCAST XFINITY,-89.03,Utilities,False,False
TXN100930,2025-07-13,ENTERPRISE RAC,-389.43,Travel,False,False
TXN100931,2025-07-14,VENMO PAYMENT,-96.95,Miscellaneous,False,False
TXN100932,2025-07-14,VERIZON WRLS,-75.36,Utilities,False,False
TXN100933,2025-07-15,AIRBNB * HMXY23,-229.16,Travel,False,False
TXN100934,2025-07-17,VENMO*TRANSFER,-31.93,Miscellaneous,False,False
TXN100935,2025-07-18,PAYPAL *ETSY,-73.84,Shopping,False,False
TXN100936,2025-07-18,AMAZON.COM*A1B2C3,-64.81,Shopping,False,False
TXN100937,2025-07-18,ACME CORP DIRECT DEPOSIT,3229.54,Salary,False,False
TXN100938,2025-07-18,Trader Joe's,-42.31,Food,False,False
TXN100939,2025-07-19,Airbnb Inc,-568.17,Travel,False,False
TXN100940,2025-07-19,TARGET T-1453,-77.46,Shopping,False,False
TXN100941,2025-07-20,AMC 00234 ONLINE,-15.94,Entertainment,False,False
TXN100942,2025-07-20,CHIPOTLE 2341,-9.86,Food,False,False
TXN100943,2025-07-20,CHIPOTLE MEXICAN GRILL,-13.04,Food,False,False
TXN100944,2025-07-21,STATE FARM INS,-141.68,Bills,False,False
TXN100945,2025-07-22,Etsy Inc,-42.64,Shopping,False,False
TXN100946,2025-07-22,Target.com,-87.41,Shopping,False,False
TXN100947,2025-07-23,AMAZON.COM*A1B2C3,-83.03,Shopping,False,False
TXN100948,2025-07-24,SBUX 04521 SEATTLE WA,-8.58,Food,False,False
TXN100949,2025-07-25,AMC THEATRES,-12.53,Entertainment,False,False
TXN100950,2025-07-25,NIKE STORE #221,-178.04,Shopping,False,False
TXN100951,2025-07-26,SPOTIFY USA,-15.1,Entertainment,False,False
TXN100952,2025-07-26,SPOTIFY USA,-15.11,Entertainment,True,False
TXN100953,2025-07-27,UBER TECHNOLOGIES,-22.35,Travel,False,False
TXN100954,2025-07-27,CHIPOTLE MEXICAN GRILL,-18.96,Food,False,False
TXN100955,2025-07-27,CHIPOTLE MEXICAN GRILL,-10.04,Food,False,False
TXN100956,2025-07-27,ATM WITHDRAWAL #4521,-68.41,Miscellaneous,False,False
TXN100957,2025-07-29,BESTBUY.COM,-851.19,Shopping,False,False
TXN100958,2025-07-30,Main Street Diner,-21.89,Food,False,False
TXN100959,2025-07-31,RENT - PROPERTY MGMT CO,-1834.33,Bills,False,False
TXN100960,2025-07-31,PF #0233 MONTHLY,-24.97,Healthcare,False,False
TXN100961,2025-07-31,SPOTIFY P1A2B3,-11.63,Entertainment,False,False
TXN100962,2025-08-01,Chipotle Online,-13.32,Food,False,False
TXN100963,2025-08-01,ACME CORP PAYROLL DIRECT DEP,3206.85,Salary,False,False
TXN100964,2025-08-01,CHIPOTLE MEXICAN GRILL,-12.69,Food,False,False
TXN100965,2025-08-01,AMC 00234 ONLINE,-52.8,Entertainment,False,False
TXN100966,2025-08-02,CASH WITHDRAWAL ATM,-77.72,Miscellaneous,False,False
TXN100967,2025-08-02,CASH WITHDRAWAL ATM,-76.55,Miscellaneous,False,False
TXN100968,2025-08-02,NIKE STORE #221,-85.38,Shopping,False,False
TXN100969,2025-08-03,Nike Inc,-178.58,Shopping,False,False
TXN100970,2025-08-04,NETFLIX.COM,-15.6,Entertainment,False,False
TXN100971,2025-08-04,TRADER JOE S #543,-60.34,Food,False,False
TXN100972,2025-08-04,NIKE STORE #221,-51.64,Shopping,False,False
TXN100973,2025-08-04,CHIPOTLE MEXICAN GRILL,-11.92,Food,False,False
TXN100974,2025-08-05,NETFLIX 1888-638-3549,-22.56,Entertainment,False,False
TXN100975,2025-08-05,VANGUARD.COM,-281.44,Investment,False,False
TXN100976,2025-08-05,TRADER JOE S #543,-67.95,Food,False,False
TXN100977,2025-08-06,SPOTIFY USA,-11.04,Entertainment,False,False
TXN100978,2025-08-06,Whole Foods,-114.71,Food,False,False
TXN100979,2025-08-07,NETFLIX 1888-638-3549,-20.54,Entertainment,False,False
TXN100980,2025-08-08,WFM 102 AUSTIN TX,-45.25,Food,False,False
TXN100981,2025-08-09,TARGET T-1453,-83.09,Shopping,False,False
TXN100982,2025-08-09,DOORDASH*RESTAURANT,-31.31,Food,False,False
TXN100983,2025-08-09,PAYPAL *ETSY,-56.58,Shopping,False,False
TXN100984,2025-08-10,Nike Inc,-36.99,Shopping,False,False
TXN100985,2025-08-10,Trader Joe's,-88.5,Food,False,False
TXN100986,2025-08-11,COMCAST XFINITY,-88.63,Utilities,False,False
TXN100987,2025-08-13,VENMO PAYMENT,-20.86,Miscellaneous,False,False
TXN100988,2025-08-13,WFM 102 AUSTIN TX,-35.79,Food,False,False
TXN100989,2025-08-14,STATE UNIVERSITY BURSAR,-4362.87,Education,False,False
TXN100990,2025-08-14,ENTERPRISE RENT-A-CAR,-251.49,Travel,False,False
TXN100991,2025-08-15,Enterprise,-257.38,Travel,False,False
TXN100992,2025-08-15,BEST BUY 00003210,-471.84,Shopping,False,False
TXN100993,2025-08-15,VERIZON WRLS,-74.67,Utilities,False,False
TXN100994,2025-08-15,NIKE.COM,-32.0,Shopping,False,False
TXN100995,2025-08-15,ACME CORP DIRECT DEPOSIT,3195.37,Salary,False,False
TXN100996,2025-08-17,Nike Inc,-141.83,Shopping,False,False
TXN100997,2025-08-17,COURSERA.ORG,-53.96,Education,False,False
TXN100998,2025-08-18,TRADER JOE S #543,-39.32,Food,False,False
TXN100999,2025-08-20,CASH WITHDRAWAL ATM,-38.82,Miscellaneous,False,False
TXN101000,2025-08-20,STATE FARM INS,-143.22,Bills,False,False
TXN101001,2025-08-21,AIRBNB HMXY23,-160.8,Travel,False,False
TXN101002,2025-08-23,Target.com,-64.4,Shopping,False,False
TXN101003,2025-08-23,VENMO PAYMENT,-80.56,Miscellaneous,False,False
TXN101004,2025-08-24,CHIPOTLE MEXICAN GRILL,-9.37,Food,False,False
TXN101005,2025-08-24,NIKE STORE #221,-42.76,Shopping,False,False
TXN101006,2025-08-24,STARBUCKS #04521,-3.69,Food,False,False
TXN101007,2025-08-25,Chipotle Online,-9.53,Food,False,False
TXN101008,2025-08-26,VENMO*TRANSFER,-9.23,Miscellaneous,False,False
TXN101009,2025-08-26,"DoorDash, Inc.",-19.93,Food,False,False
TXN101010,2025-08-26,CVS.COM,-28.0,Healthcare,False,False
TXN101011,2025-08-26,PF #0233 MONTHLY,-13.48,Healthcare,False,False
TXN101012,2025-08-26,WHOLE FOODS MARKET,-56.37,Food,False,False
TXN101013,2025-08-27,ETSY.COM - SHOP12,-45.97,Shopping,False,False
TXN101014,2025-08-28,MAIN ST DINER,-24.01,Food,False,False
TXN101015,2025-08-28,WHOLE FOODS MARKET,-49.79,Food,False,False
TXN101016,2025-08-28,NIKE STORE #221,-30.85,Shopping,False,False
TXN101017,2025-08-29,UBER TECHNOLOGIES,-13.93,Travel,False,False
TXN101018,2025-08-29,ACME CORP PAYROLL DIRECT DEP,3187.96,Salary,False,False
TXN101019,2025-08-29,ETSY.COM - SHOP12,-39.26,Shopping,False,False
TXN101020,2025-08-30,Airbnb Inc,-679.21,Travel,False,False
TXN101021,2025-08-30,VENMO*TRANSFER,-93.64,Miscellaneous,False,False
TXN101022,2025-08-30,TRADER JOE S #543,-39.57,Food,False,False
TXN101023,2025-08-30,"DoorDash, Inc.",-19.42,Food,False,False
TXN101024,2025-08-31,VENMO PAYMENT,-102.46,Miscellaneous,False,False
TXN101025,2025-08-31,BEST BUY 00003210,-233.75,Shopping,False,False
TXN101026,2025-08-31,AMZN Mktp US,-87.14,Shopping,False,False
TXN101027,2025-08-31,SPOTIFY P1A2B3,-13.5,Entertainment,False,False
TXN101028,2025-08-31,RENT - PROPERTY MGMT CO,-1857.13,Bills,False,False
TXN101029,2025-09-01,TARGET T-1453,-76.46,Shopping,False,False
TXN101030,2025-09-01,PF #0233 MONTHLY,-25.03,Healthcare,False,False
TXN101031,2025-09-02,PLANET FITNESS,-12.81,Healthcare,True,False
TXN101032,2025-09-02,PLANET FITNESS,-12.81,Healthcare,False,False
TXN101033,2025-09-02,TARGET T-1453,-40.03,Shopping,False,False
TXN101034,2025-09-02,Whole Foods,-94.44,Food,False,False
TXN101035,2025-09-03,NETFLIX.COM,-15.52,Entertainment,False,False
TXN101036,2025-09-03,VENMO PAYMENT,-130.5,Miscellaneous,False,False
TXN101037,2025-09-05,VALVE CORP *STEAM,-31.59,Entertainment,False,False
TXN101038,2025-09-05,STATE UNIVERSITY BURSAR,-3340.57,Education,False,False
TXN101039,2025-09-05,FIDELITY INV,-300.45,Investment,False,False
TXN101040,2025-09-05,STARBUCKS COFFEE CO,-4.66,Food,False,False
TXN101041,2025-09-06,PF #0233 MONTHLY,-12.51,Healthcare,False,False
TXN101042,2025-09-06,SPOTIFY USA,-10.85,Entertainment,False,False
TXN101043,2025-09-07,Target.com,-17.49,Shopping,False,False
TXN101044,2025-09-07,WFM 102 AUSTIN TX,-36.03,Food,False,False
TXN101045,2025-09-07,Nike Inc,-171.08,Shopping,False,False
TXN101046,2025-09-07,TRADER JOE S #543,-77.65,Food,False,False
TXN101047,2025-09-08,Nike Inc,-127.05,Shopping,False,False
TXN101048,2025-09-10,Best Buy,-744.78,Shopping,False,False
TXN101049,2025-09-10,CASH WITHDRAWAL ATM,-159.52,Miscellaneous,False,False
TXN101050,2025-09-11,COMCAST XFINITY,-89.19,Utilities,False,False
TXN101051,2025-09-11,Amazon.com,-123.83,Shopping,False,False
TXN101052,2025-09-12,Target.com,-158.97,Shopping,False,False
TXN101053,2025-09-12,DOORDASH*RESTAURANT,-43.65,Food,False,False
TXN101054,2025-09-12,ACME CORP DIRECT DEPOSIT,3140.86,Salary,False,False
TXN101055,2025-09-13,STARBUCKS COFFEE CO,-5.73,Food,False,False
TXN101056,2025-09-14,AMC.COM,-38.24,Entertainment,False,False
TXN101057,2025-09-14,SQ *STARBUCKS,-5.28,Food,False,False
TXN101058,2025-09-14,Amazon.com,-191.44,Shopping,False,False
TXN101059,2025-09-14,VENMO PAYMENT,-94.34,Miscellaneous,False,False
TXN101060,2025-09-15,VERIZON WRLS,-75.12,Utilities,False,False
TXN101061,2025-09-15,SPOTIFY USA,-15.82,Entertainment,False,False
TXN101062,2025-09-17,SPOTIFY P1A2B3,-163.26,Entertainment,False,True
TXN101063,2025-09-17,ENTERPRISE RAC,-240.98,Travel,False,False
TXN101064,2025-09-19,AMC THEATRES,-36.63,Entertainment,False,False
TXN101065,2025-09-19,STATE FARM INS,-142.08,Bills,False,False
TXN101066,2025-09-20,Trader Joe's,-79.29,Food,False,False
TXN101067,2025-09-20,CVS PHARM,-83.34,Healthcare,False,False
TXN101068,2025-09-20,Chipotle Online,-129.03,Food,False,True
TXN101069,2025-09-21,WHOLE FOODS MARKET,-33.28,Food,False,False
TXN101070,2025-09-22,PLANET FITNESS,-21.42,Healthcare,False,False
TXN101071,2025-09-23,NIKE STORE #221,-57.01,Shopping,False,False
TXN101072,2025-09-25,THE CORNER DINER LLC,-25.32,Food,False,False
TXN101073,2025-09-26,DD *DOORDASH,-15.25,Food,False,False
TXN101074,2025-09-26,ACME CORP PAYROLL DIRECT DEP,3929.15,Salary,False,False
TXN101075,2025-09-27,STARBUCKS COFFEE CO,-7.88,Food,False,False
TXN101076,2025-09-28,STATE UNIVERSITY BURSAR,-2318.78,Education,False,False
TXN101077,2025-09-29,VENMO*TRANSFER,-89.38,Miscellaneous,False,False
TXN101078,2025-09-30,CASH WITHDRAWAL ATM,-134.27,Miscellaneous,False,False
TXN101079,2025-09-30,THE CORNER DINER LLC,-31.1,Food,False,False
TXN101080,2025-10-01,PF #0233 MONTHLY,-25.13,Healthcare,False,False
TXN101081,2025-10-01,RENT - PROPERTY MGMT CO,-1870.04,Bills,False,False
TXN101082,2025-10-01,SPOTIFY P1A2B3,-12.6,Entertainment,False,False
TXN101083,2025-10-01,STEAMGAMES.COM,-67.93,Entertainment,False,False
TXN101084,2025-10-03,NETFLIX.COM,-15.31,Entertainment,False,False
TXN101085,2025-10-04,STEAMGAMES.COM,-13.08,Entertainment,False,False
TXN101086,2025-10-04,Whole Foods,-113.54,Food,False,False
TXN101087,2025-10-04,CHIPOTLE MEXICAN GRILL,-15.66,Food,False,False
TXN101088,2025-10-04,Whole Foods,-72.06,Food,False,False
TXN101089,2025-10-04,CHIPOTLE MEXICAN GRILL,-15.65,Food,True,False
TXN101090,2025-10-04,CITY MEDICAL GRP,-30.57,Healthcare,False,False
TXN101091,2025-10-05,TARGET T-1453,-62.71,Shopping,False,False
TXN101092,2025-10-05,NIKE.COM,-219.18,Shopping,False,False
TXN101093,2025-10-05,VANGUARD GRP,-453.71,Investment,False,False
TXN101094,2025-10-07,CHIPOTLE 2341,-17.16,Food,False,False
TXN101095,2025-10-07,SPOTIFY USA,-11.03,Entertainment,False,False
TXN101096,2025-10-08,MAIN ST DINER,-10.35,Food,False,False
TXN101097,2025-10-08,VENMO PAYMENT,-58.92,Miscellaneous,False,False
TXN101098,2025-10-09,AMC.COM,-42.08,Entertainment,False,False
TXN101099,2025-10-09,SPOTIFY P1A2B3,-14.92,Entertainment,False,False
TXN101100,2025-10-09,MAIN ST DINER,-9.03,Food,False,False
TXN101101,2025-10-10,ACME CORP PAYROLL DIRECT DEP,3181.57,Salary,False,False
TXN101102,2025-10-11,STEAMGAMES.COM,-13.63,Entertainment,False,False
TXN101103,2025-10-11,TARGET T-1453,-126.24,Shopping,False,False
TXN101104,2025-10-12,COMCAST XFINITY,-90.94,Utilities,False,False
TXN101105,2025-10-12,ATM WITHDRAWAL #4521,-145.21,Miscellaneous,False,False
TXN101106,2025-10-13,STARBUCKS COFFEE CO,-9.4,Food,False,False
TXN101107,2025-10-15,STATE UNIV TUITION,-1415.79,Education,False,False
TXN101108,2025-10-16,VERIZON WRLS,-73.97,Utilities,False,False
TXN101109,2025-10-17,STARBUCKS #04521,-4.38,Food,False,False
TXN101110,2025-10-19,BESTBUY.COM,-144.99,Shopping,False,False
TXN101111,2025-10-20,TARGET T-1453,-178.81,Shopping,False,False
TXN101112,2025-10-20,ATM WITHDRAWAL #4521,-115.49,Miscellaneous,False,False
TXN101113,2025-10-21,CVS.COM,-61.3,Healthcare,False,False
TXN101114,2025-10-21,PF #0233 MONTHLY,-20.84,Healthcare,False,False
TXN101115,2025-10-21,STATE FARM INS,-140.67,Bills,False,False
TXN101116,2025-10-22,PF #0233 MONTHLY,-22.9,Healthcare,False,False
TXN101117,2025-10-22,Main Street Diner,-12.94,Food,False,False
TXN101118,2025-10-23,STARBUCKS #04521,-4.69,Food,False,False
TXN101119,2025-10-24,ACME CORP DIRECT DEPOSIT,3242.28,Salary,False,False
TXN101120,2025-10-25,Amazon.com,-82.53,Shopping,False,False
TXN101121,2025-10-26,DD *DOORDASH,-46.02,Food,False,False
TXN101122,2025-10-27,CASH WITHDRAWAL ATM,-136.03,Miscellaneous,False,False
TXN101123,2025-10-28,CASH WITHDRAWAL ATM,-160.21,Miscellaneous,False,False
TXN101124,2025-10-29,MAIN ST DINER,-31.05,Food,False,False
TXN101125,2025-10-29,THE CORNER DINER LLC,-14.34,Food,False,False
TXN101126,2025-10-29,Trader Joe's,-26.03,Food,False,False
TXN101127,2025-10-31,DD *DOORDASH,-39.79,Food,False,False
TXN101128,2025-10-31,CASH WITHDRAWAL ATM,-89.46,Miscellaneous,False,False
TXN101129,2025-11-01,Whole Foods,-122.6,Food,False,False
TXN101130,2025-11-01,Target.com,-119.2,Shopping,False,False
TXN101131,2025-11-01,SBUX 04521 SEATTLE WA,-11.05,Food,False,False
TXN101132,2025-11-01,Starbucks Coffee,-11.44,Food,False,False
TXN101133,2025-11-01,PAYPAL *ETSY,-39.23,Shopping,False,False
TXN101134,2025-11-01,RENT - PROPERTY MGMT CO,-1921.28,Bills,False,False
TXN101135,2025-11-02,PF #0233 MONTHLY,-25.12,Healthcare,False,False
TXN101136,2025-11-02,DELTA AIR 0062134,-561.15,Travel,False,False
TXN101137,2025-11-02,CITY MEDICAL GRP,-195.43,Healthcare,False,False
TXN101138,2025-11-03,Starbucks Coffee,-5.33,Food,False,False
TXN101139,2025-11-04,VENMO*TRANSFER,-106.76,Miscellaneous,False,False
TXN101140,2025-11-04,NETFLIX.COM,-15.57,Entertainment,False,False
TXN101141,2025-11-04,Amazon.com,-115.4,Shopping,False,False
TXN101142,2025-11-05,SBUX 04521 SEATTLE WA,-8.07,Food,False,False
TXN101143,2025-11-05,FIDELITY BROKERAGE,-201.42,Investment,False,False
TXN101144,2025-11-07,CASH WITHDRAWAL ATM,-35.05,Miscellaneous,False,False
TXN101145,2025-11-07,AMZN Mktp US,-214.55,Shopping,False,False
TXN101146,2025-11-07,ACME CORP PAYROLL DIRECT DEP,3213.74,Salary,False,False
TXN101147,2025-11-08,SPOTIFY USA,-11.05,Entertainment,False,False
TXN101148,2025-11-09,WFM 102 AUSTIN TX,-63.84,Food,False,False
TXN101149,2025-11-09,CITY MEDICAL GRP,-91.34,Healthcare,False,False
TXN101150,2025-11-10,Nike Inc,-211.15,Shopping,False,False
TXN101151,2025-11-11,COMCAST XFINITY,-90.5,Utilities,False,False
TXN101152,2025-11-13,WHOLEFDS MKT #102,-45.56,Food,False,False
TXN101153,2025-11-14,VERIZON WRLS,-75.85,Utilities,False,False
TXN101154,2025-11-14,ATM WITHDRAWAL #4521,-22.28,Miscellaneous,False,False
TXN101155,2025-11-14,ATM WITHDRAWAL #4521,-49.49,Miscellaneous,False,False
TXN101156,2025-11-14,TRADER JOE S #543,-36.29,Food,False,False
TXN101157,2025-11-14,VENMO PAYMENT,-70.74,Miscellaneous,False,False
TXN101158,2025-11-15,Best Buy,-477.57,Shopping,False,False
TXN101159,2025-11-15,THE CORNER DINER LLC,-28.06,Food,False,False
TXN101160,2025-11-15,BEST BUY 00003210,-350.39,Shopping,False,False
TXN101161,2025-11-16,CVS/PHARMACY #6532,-35.47,Healthcare,False,False
TXN101162,2025-11-16,VENMO*TRANSFER,-80.96,Miscellaneous,False,False
TXN101163,2025-11-17,Best Buy,-878.17,Shopping,False,False
TXN101164,2025-11-17,NETFLIX 1888-638-3549,-18.9,Entertainment,False,False
TXN101165,2025-11-17,CHIPOTLE 2341,-14.99,Food,False,False
TXN101166,2025-11-17,ENTERPRISE RENT-A-CAR,-185.01,Travel,False,False
TXN101167,2025-11-17,MARRIOTT HOTELS,-593.96,Travel,False,False
TXN101168,2025-11-19,Main Street Diner,-12.0,Food,False,False
TXN101169,2025-11-19,Main Street Diner,-9.07,Food,False,False
TXN101170,2025-11-20,STATE FARM INS,-143.35,Bills,False,False
TXN101171,2025-11-20,CHIPOTLE MEXICAN GRILL,-20.88,Food,False,False
TXN101172,2025-11-20,DELTA AIR 0062134,-182.19,Travel,False,False
TXN101173,2025-11-21,ACME CORP DIRECT DEPOSIT,3129.48,Salary,False,False
TXN101174,2025-11-21,WHOLEFDS MKT #102,-903.18,Food,False,True
TXN101175,2025-11-21,NIKE.COM,-91.14,Shopping,False,False
TXN101176,2025-11-23,AMAZON MKTPLACE PMTS,-33.31,Shopping,False,False
TXN101177,2025-11-23,"DoorDash, Inc.",-25.76,Food,False,False
TXN101178,2025-11-24,NETFLIX.COM,-17.16,Entertainment,False,False
TXN101179,2025-11-24,ETSY.COM - SHOP12,-86.33,Shopping,False,False
TXN101180,2025-11-25,CASH WITHDRAWAL ATM,-175.89,Miscellaneous,False,False
TXN101181,2025-11-25,BESTBUY.COM,-100.59,Shopping,False,False
TXN101182,2025-11-26,Best Buy,-711.44,Shopping,False,False
TXN101183,2025-11-26,NIKE.COM,-100.09,Shopping,False,False
TXN101184,2025-11-27,Main Street Diner,-15.31,Food,False,False
TXN101185,2025-11-28,Best Buy,-875.38,Shopping,False,False
TXN101186,2025-12-02,PF #0233 MONTHLY,-25.18,Healthcare,False,False
TXN101187,2025-12-02,RENT - PROPERTY MGMT CO,-1835.7,Bills,False,False
TXN101188,2025-12-02,NETFLIX.COM,-15.59,Entertainment,False,False
TXN101189,2025-12-03,ATM WITHDRAWAL #4521,-47.1,Miscellaneous,False,False
TXN101190,2025-12-04,NIKE.COM,-74.27,Shopping,False,False
TXN101191,2025-12-05,Best Buy,-759.63,Shopping,False,False
TXN101192,2025-12-05,VANGUARD.COM,-264.63,Investment,False,False
TXN101193,2025-12-05,ACME CORP DIRECT DEPOSIT,3212.96,Salary,False,False
TXN101194,2025-12-05,CASH WITHDRAWAL ATM,-20.26,Miscellaneous,False,False
TXN101195,2025-12-06,SQ *STARBUCKS,-9.55,Food,False,False
TXN101196,2025-12-06,Target.com,-819.2,Shopping,False,True
TXN101197,2025-12-06,SQ *STARBUCKS,-8.0,Food,False,False
TXN101198,2025-12-06,Nike Inc,-168.17,Shopping,False,False
TXN101199,2025-12-06,SPOTIFY USA,-10.96,Entertainment,False,False
TXN101200,2025-12-07,STARBUCKS #04521,-11.33,Food,False,False
TXN101201,2025-12-07,TRADER JOES,-69.57,Food,False,False
TXN101202,2025-12-08,AMC THEATRES,-53.91,Entertainment,False,False
TXN101203,2025-12-08,CVS.COM,-15.84,Healthcare,False,False
TXN101204,2025-12-09,SPOTIFY P1A2B3,-11.44,Entertainment,False,False
TXN101205,2025-12-10,COURSERA.ORG,-65.5,Education,False,False
TXN101206,2025-12-11,TARGET 00021453,-61.0,Shopping,False,False
TXN101207,2025-12-13,COMCAST XFINITY,-89.78,Utilities,False,False
TXN101208,2025-12-14,BESTBUY.COM,-638.13,Shopping,False,False
TXN101209,2025-12-14,VERIZON WRLS,-74.64,Utilities,False,False
TXN101210,2025-12-15,VENMO*TRANSFER,-70.65,Miscellaneous,False,False
TXN101211,2025-12-17,WHOLEFDS MKT #102,-132.94,Food,False,False
TXN101212,2025-12-19,ACME CORP DIRECT DEPOSIT,3184.6,Salary,False,False
TXN101213,2025-12-19,Uber Trip Help.uber.com,-13.67,Travel,False,False
TXN101214,2025-12-19,NETFLIX.COM,-18.86,Entertainment,False,False
TXN101215,2025-12-20,BESTBUY.COM,-130.64,Shopping,False,False
TXN101216,2025-12-20,AMC 00234 ONLINE,-31.43,Entertainment,False,False
TXN101217,2025-12-21,STATE FARM INS,-142.12,Bills,False,False
TXN101218,2025-12-21,NIKE STORE #221,-191.97,Shopping,False,False
TXN101219,2025-12-22,AMZN Mktp US,-179.21,Shopping,False,False
TXN101220,2025-12-22,BEST BUY 00003210,-104.81,Shopping,False,False
TXN101221,2025-12-22,SQ *STARBUCKS,-10.61,Food,False,False
TXN101222,2025-12-22,Marriott International,-489.35,Travel,False,False
TXN101223,2025-12-23,AMZN Mktp US,-179.21,Shopping,True,False
TXN101224,2025-12-23,SPOTIFY P1A2B3,-13.37,Entertainment,False,False
TXN101225,2025-12-24,TARGET 00021453,-171.95,Shopping,False,False
TXN101226,2025-12-24,Starbucks Coffee,-5.71,Food,False,False
TXN101227,2025-12-25,STEAMGAMES.COM,-11.16,Entertainment,False,False
TXN101228,2025-12-27,AMZN Mktp US,-33.75,Shopping,False,False
TXN101229,2025-12-28,CVS/PHARMACY #6532,-89.77,Healthcare,False,False
TXN101230,2025-12-28,NETFLIX 1888-638-3549,-22.37,Entertainment,False,False
TXN101231,2025-12-28,AIRBNB * HMXY23,-508.63,Travel,False,False
TXN101232,2025-12-28,ATM WITHDRAWAL #4521,-43.53,Miscellaneous,False,False
TXN101233,2025-12-29,Whole Foods,-116.16,Food,False,False
TXN101234,2025-12-30,CASH WITHDRAWAL ATM,-42.05,Miscellaneous,False,False
TXN101235,2025-12-31,VENMO PAYMENT,-29.36,Miscellaneous,False,False
TXN101236,2025-12-31,PAYPAL *ETSY,-75.73,Shopping,False,False
TXN101237,2025-12-31,NIKE STORE #221,-35.6,Shopping,False,False
